id,gore,monto,fecha,ruc1,ruc2,ruc3,ruc4,ruc5,ruc6,ruc7,ruc8,ruc9
215,AMAZONAS,"1,758,745.66",19/05/2022,20479790303,,,,,,,,
216,AMAZONAS,"3,458,000.00",01/03/2022,20450326713,,,,,,,,
217,AMAZONAS,"2,229,161.77",28/02/2022,20480391200,20480811934,,,,,,,
218,AMAZONAS,"1,977,707.25",28/02/2022,20528217461,20605899227,,,,,,,
219,AMAZONAS,"227,921.40",10/11/2021,20136318323,20487909336,,,,,,,
220,AMAZONAS,"1,694,543.35",29/10/2021,20604451648,20534166240,,,,,,,
221,AMAZONAS,"3,672,791.92",28/10/2021,20602698409,20480774397,,,,,,,
222,AMAZONAS,"2,947,476.22",28/10/2021,20561152005,20479683728,,,,,,,
223,AMAZONAS,"2,229,161.77",15/10/2021,20479790303,20539201281,,,,,,,
224,AMAZONAS,"626,250.00",13/10/2021,20539273605,20539201281,,,,,,,
225,AMAZONAS,"1,587,565.42",01/10/2021,20561152005,20600542525,,,,,,,
226,AMAZONAS,"1,230,844.17",24/09/2021,20487499685,20480791305,,,,,,,
227,AMAZONAS,"1,295,764.01",16/09/2021,20480791305,,,,,,,,
228,AMAZONAS,"1,618,708.39",16/09/2021,20487611191,20600147600,,,,,,,
229,AMAZONAS,"4,752,590.00",16/09/2021,20480836252,20542271834,,,,,,,
230,AMAZONAS,"8,518,000.00",14/09/2021,20450326713,,,,,,,,
231,AMAZONAS,"704,787.28",08/09/2021,20450157008,20604115923,,,,,,,
232,AMAZONAS,"4,331,250.27",03/09/2021,20480836252,20487499685,,,,,,,
233,AMAZONAS,"2,650,000.00",17/08/2021,20480836252,,,,,,,,
234,AMAZONAS,"562,199.96",13/08/2021,20604775010,20480427913,,,,,,,
235,AMAZONAS,"626,250.00",12/08/2021,20539273605,20539201281,,,,,,,
236,AMAZONAS,"2,779,000.00",20/07/2021,20450326713,20542312450,,,,,,,
237,AMAZONAS,"8,319,581.09",15/06/2021,20477530665,20600798937,,,,,,,
238,AMAZONAS,"13,730,000.00",28/04/2021,20450326713,20494079713,,,,,,,
239,AMAZONAS,"241,494.14",01/02/2021,20539016629,,,,,,,,
240,AMAZONAS,"996,580.74",27/10/2022,20487499685,20480134142,,,,,,,
241,AMAZONAS,"296,470.00",04/10/2022,20479764728,20608056026,,,,,,,
242,AMAZONAS,"2,125,000.00",04/08/2022,20572141986,,,,,,,,
243,AMAZONAS,"250,795.96",19/07/2022,20487818535,20601832811,,,,,,,
244,AMAZONAS,"7,372,300.00",05/07/2022,20480188404,20480427913,,,,,,,
245,AMAZONAS,"150,579,197.58",04/07/2022,20602979173,,,,,,,,
246,AMAZONAS,"443,706.31",15/06/2022,20600504500,20479764728,,,,,,,
247,AMAZONAS,"122,415,156.59",14/06/2022,20602979173,,,,,,,,
248,AMAZONAS,"5,763,345.05",10/06/2022,20495136231,20487419754,,,,,,,
249,AMAZONAS,"767,188.56",08/06/2022,20608518763,20487980634,,,,,,,
250,AMAZONAS,"1,235,773.34",08/06/2022,20600542525,20479764728,,,,,,,
251,AMAZONAS,"8,410,000.00",28/03/2022,20450326713,20450186440,,,,,,,
252,AMAZONAS,"1,460,000.00",22/01/2024,20480427913,20600040040,,,,,,,
280,AMAZONAS,"2,013,657.85",20/12/2024,20560168994,20487976955,,,,,,,
281,AMAZONAS,"1,444,588.04",20/12/2024,20487976955,,,,,,,,
282,AMAZONAS,"1,942,126.04",20/12/2024,20560168994,20487976955,,,,,,,
283,AMAZONAS,"9,926,471.45",20/12/2024,20570698304,20610241191,,,,,,,
284,AMAZONAS,"1,204,023.45",12/12/2024,20487976955,20606918144,,,,,,,
285,AMAZONAS,"1,913,257.01",03/12/2024,20480059850,,,,,,,,
286,AMAZONAS,"880,757.64",28/11/2024,20487976955,20611111241,,,,,,,
287,AMAZONAS,"648,324.39",28/11/2024,20487976955,20611111241,,,,,,,
288,AMAZONAS,"331,989.19",28/11/2024,20487976955,,,,,,,,
289,AMAZONAS,"543,851.01",28/11/2024,20487976955,,,,,,,,
290,AMAZONAS,"519,597.34",28/11/2024,20487976955,,,,,,,,
291,AMAZONAS,"2,608,569.42",27/11/2024,20479790303,20487499685,,,,,,,
292,AMAZONAS,"3,852,742.44",27/11/2024,20517623394,20610381538,,,,,,,
293,AMAZONAS,"1,588,695.74",30/10/2024,20600147600,20479808440,,,,,,,
294,AMAZONAS,"2,632,772.49",17/09/2024,20601446741,20480836252,,,,,,,
295,AMAZONAS,"3,156,291.75",11/09/2024,20491617439,20495931472,,,,,,,
296,AMAZONAS,"3,099,666.99",02/09/2024,20600979192,20531455313,,,,,,,
297,AMAZONAS,"10,881,246.64",01/08/2024,20487976955,20600197739,,,,,,,
298,AMAZONAS,"704,728.39",24/07/2024,20561260070,20480113064,,,,,,,
299,AMAZONAS,"1,579,075.36",22/07/2024,20480791305,20601832811,,,,,,,
300,AMAZONAS,"852,499.31",18/07/2024,20600143051,,,,,,,,
301,AMAZONAS,"190,029.57",08/07/2024,20607492337,20607214914,,,,,,,
302,AMAZONAS,"1,117,599.86",25/06/2024,20510100604,20515869647,,,,,,,
303,AMAZONAS,"5,652,798.03",13/06/2024,20488071603,20561239542,,,,,,,
304,AMAZONAS,"10,011,017.75",11/06/2024,20491560496,20480123884,,,,,,,
305,AMAZONAS,"1,430,577.06",10/04/2024,20600357248,10466648707,,,,,,,
814,ANCASH,"4,296,922.47",04/03/2022,20542191059,20571250552,,,,,,,
815,ANCASH,"908,059.86",30/12/2021,20531884435,20542438984,,,,,,,
816,ANCASH,"7,840,116.56",30/12/2021,20534166240,20531065019,,,,,,,
817,ANCASH,"3,227,110.91",30/12/2021,20488415973,20571288363,,,,,,,
818,ANCASH,"1,963,767.39",30/12/2021,20549761608,20486290910,,,,,,,
819,ANCASH,"5,060,206.93",30/12/2021,20530933882,20541706454,,,,,,,
820,ANCASH,"3,625,771.79",30/12/2021,20534158069,20571395283,,,,,,,
821,ANCASH,"1,803,360.44",28/12/2021,20534197986,,,,,,,,
822,ANCASH,"1,432,956.90",28/12/2021,20608456857,20533788891,20601052980,,,,,,
823,ANCASH,"6,666,162.05",28/12/2021,20530706398,20600683650,,,,,,,
824,ANCASH,"5,957,366.93",21/12/2021,20531820542,20445575411,,,,,,,
825,ANCASH,"5,777,984.73",20/12/2021,20486290910,20487110141,,,,,,,
826,ANCASH,"15,037,005.91",16/12/2021,20445582973,20531084072,,,,,,,
827,ANCASH,"6,069,934.66",16/12/2021,20408018804,,,,,,,,
828,ANCASH,"2,876,120.71",15/12/2021,20605871420,20530585078,20600403207,,,,,,
829,ANCASH,"3,113,263.48",14/12/2021,20488351398,,,,,,,,
830,ANCASH,"1,702,902.62",07/12/2021,20533729615,20260236611,,,,,,,
831,ANCASH,"7,918,951.01",07/12/2021,20408018804,20571184151,,,,,,,
832,ANCASH,"3,712,812.82",07/12/2021,20571135885,20542191059,,,,,,,
833,ANCASH,"2,284,809.00",07/12/2021,20533631305,20542191059,,,,,,,
834,ANCASH,"5,722,667.27",07/12/2021,20461192077,20445667618,,,,,,,
835,ANCASH,"1,852,188.65",07/12/2021,20542049228,20533652213,,,,,,,
836,ANCASH,"2,318,953.55",30/11/2021,20445575411,20541706454,,,,,,,
837,ANCASH,"3,303,156.54",30/11/2021,20126533447,20603321309,,,,,,,
838,ANCASH,"1,918,452.99",29/11/2021,20571309891,20571135885,,,,,,,
839,ANCASH,"4,780,240.62",29/11/2021,20408018804,20571184151,,,,,,,
840,ANCASH,"7,014,513.99",29/11/2021,20605992146,20600683650,,,,,,,
841,ANCASH,"1,665,841.43",24/11/2021,20534158069,20606854081,,,,,,,
842,ANCASH,"4,616,563.82",24/11/2021,20571395283,20604232610,,,,,,,
843,ANCASH,"5,183,289.32",16/11/2021,20531084072,,,,,,,,
844,ANCASH,"4,296,922.47",16/11/2021,20542191059,20571250552,,,,,,,
845,ANCASH,"977,334.19",04/11/2021,20533751386,20541445553,20534027126,20602541216,20450157008,,,,
846,ANCASH,"5,743,656.44",04/11/2021,20608705334,20542040786,20486419971,,,,,,
847,ANCASH,"1,836,913.25",28/10/2021,20571238269,20542191059,,,,,,,
848,ANCASH,"11,117,053.31",22/10/2021,20531084072,20533086510,,,,,,,
849,ANCASH,"11,120,538.77",22/10/2021,20534171910,20488351398,,,,,,,
850,ANCASH,"1,227,171.37",14/10/2021,20608495267,20544063392,,,,,,,
851,ANCASH,"6,038,681.35",12/10/2021,20531000316,20530990681,,,,,,,
852,ANCASH,"2,425,802.29",05/10/2021,20542191059,20533631305,,,,,,,
853,ANCASH,"2,058,000.00",27/09/2021,20603092440,20571395283,,,,,,,
854,ANCASH,"1,345,974.82",23/09/2021,20486419971,20533786333,,,,,,,
855,ANCASH,"2,950,000.00",16/09/2021,20408114943,20569181756,,,,,,,
856,ANCASH,"3,113,263.48",02/09/2021,20488351398,,,,,,,,
857,ANCASH,"2,147,509.13",24/08/2021,20571395364,20571135885,,,,,,,
858,ANCASH,"2,084,614.47",24/08/2021,20571135885,20601568561,,,,,,,
859,ANCASH,"3,690,101.62",24/08/2021,20571395283,20600770226,,,,,,,
860,ANCASH,"1,886,577.47",19/08/2021,20529066521,20542141116,,,,,,,
861,ANCASH,"5,451,617.04",18/08/2021,20542132982,20530592520,,,,,,,
862,ANCASH,"3,016,113.85",09/08/2021,20571395364,,,,,,,,
863,ANCASH,"989,502.04",22/07/2021,20542030802,20531065019,,,,,,,
864,ANCASH,"5,383,223.24",12/07/2021,20534013923,,,,,,,,
865,ANCASH,"3,989,477.05",08/07/2021,20407893248,20407909268,,,,,,,
866,ANCASH,"411,603.81",04/05/2021,20601175411,20453649840,,,,,,,
867,ANCASH,"6,413,829.36",28/12/2022,20516419572,20477886095,,,,,,,
868,ANCASH,"1,030,619.88",21/12/2022,20144691173,20600459211,,,,,,,
869,ANCASH,"1,771,000.00",06/12/2022,20408135517,20523814363,,,,,,,
870,ANCASH,"2,799,055.03",02/12/2022,20323041092,20605233083,,,,,,,
871,ANCASH,"538,332.93",01/12/2022,20571309891,20542049228,,,,,,,
872,ANCASH,"10,781,184.87",01/12/2022,20481520585,20107211480,,,,,,,
873,ANCASH,"962,268.45",01/12/2022,20571309891,20542049228,,,,,,,
874,ANCASH,"1,084,309.54",01/12/2022,20608495267,20600253027,,,,,,,
875,ANCASH,"1,069,840.01",29/11/2022,20601485088,,,,,,,,
876,ANCASH,"13,228,495.20",25/11/2022,20461192077,20260236611,,,,,,,
877,ANCASH,"11,310,061.92",18/11/2022,20478157976,20507991662,,,,,,,
878,ANCASH,"3,299,320.93",18/11/2022,20531820542,,,,,,,,
879,ANCASH,"2,265,588.13",14/11/2022,20600454693,20407978588,,,,,,,
880,ANCASH,"2,015,945.26",09/11/2022,20260236611,20488351398,,,,,,,
881,ANCASH,"4,573,005.88",04/11/2022,10166241141,,,,,,,,
882,ANCASH,"17,918,887.65",27/10/2022,20504220461,20489585325,,,,,,,
883,ANCASH,"16,580,315.82",27/10/2022,20486960401,20603321309,,,,,,,
884,ANCASH,"4,182,325.22",26/10/2022,20542049228,20136318323,,,,,,,
885,ANCASH,"740,532.40",26/10/2022,20600403207,20542149362,20533675183,,,,,,
886,ANCASH,"3,450,000.00",21/10/2022,20533974415,20531866453,,,,,,,
887,ANCASH,"2,722,874.14",20/10/2022,20604129240,20534016949,,,,,,,
888,ANCASH,"8,119,040.75",20/10/2022,20319536699,20534166240,,,,,,,
889,ANCASH,"890,106.36",19/10/2022,20600285956,20609991969,,,,,,,
890,ANCASH,"38,189,898.74",19/10/2022,20530592520,20534098732,20530862764,,,,,,
891,ANCASH,"7,684,649.86",19/10/2022,20571395283,20534158069,,,,,,,
892,ANCASH,"7,873,889.89",19/10/2022,20534121734,20534013923,,,,,,,
893,ANCASH,"2,459,259.41",19/10/2022,20530592520,20530990681,,,,,,,
894,ANCASH,"8,254,528.35",13/10/2022,20323041092,20408018804,,,,,,,
895,ANCASH,"3,993,524.02",11/10/2022,20530592520,20530706398,,,,,,,
896,ANCASH,"10,432,648.67",11/10/2022,20571131464,20530862764,,,,,,,
897,ANCASH,"199,050.02",05/10/2022,20600095936,,,,,,,,
898,ANCASH,"2,143,677.01",05/10/2022,20528901361,20541769537,,,,,,,
899,ANCASH,"2,113,994.24",04/10/2022,20323041092,20533788891,,,,,,,
900,ANCASH,"2,555,555.55",04/10/2022,20532002819,20569181756,,,,,,,
901,ANCASH,"4,650,000.00",04/10/2022,20532002819,20569181756,,,,,,,
902,ANCASH,"4,601,098.04",03/10/2022,20534158069,,,,,,,,
903,ANCASH,"8,528,178.31",03/10/2022,20603354185,20601485088,,,,,,,
904,ANCASH,"1,581,665.16",03/10/2022,20533744509,20407871279,,,,,,,
905,ANCASH,"10,538,623.99",03/10/2022,20339480932,,,,,,,,
906,ANCASH,"9,508,645.17",03/10/2022,20600683650,20600309481,,,,,,,
907,ANCASH,"4,944,000.00",21/09/2022,20534040068,20260236611,,,,,,,
908,ANCASH,"740,532.40",21/09/2022,20408130396,,,,,,,,
909,ANCASH,"829,545.29",21/09/2022,20260236611,20607925136,,,,,,,
910,ANCASH,"536,722.75",16/09/2022,20533751386,,,,,,,,
911,ANCASH,"4,304,640.68",15/09/2022,20339480932,,,,,,,,
912,ANCASH,"2,700,269.08",15/09/2022,20601050987,20533744509,,,,,,,
913,ANCASH,"1,345,474.77",15/09/2022,20542191059,20533729615,,,,,,,
914,ANCASH,"3,438,074.56",14/09/2022,20571395283,20571153867,,,,,,,
915,ANCASH,"27,595,401.33",07/09/2022,20486397714,20407863250,,,,,,,
916,ANCASH,"2,881,446.08",06/09/2022,20602691528,20534027126,,,,,,,
917,ANCASH,"9,377,925.89",05/09/2022,20407769407,20534489685,,,,,,,
918,ANCASH,"16,300,000.00",02/09/2022,20477160710,20569181756,,,,,,,
919,ANCASH,"1,357,436.66",02/09/2022,20600770226,20605432477,,,,,,,
920,ANCASH,"7,970,927.94",01/09/2022,20531065019,20571184151,,,,,,,
921,ANCASH,"1,349,868.85",26/08/2022,20608582801,20542049228,,,,,,,
922,ANCASH,"4,261,288.90",25/08/2022,20407863250,20516256096,,,,,,,
923,ANCASH,"1,880,419.23",23/08/2022,20571420067,20542083329,,,,,,,
924,ANCASH,"5,348,052.13",18/08/2022,20323041092,20530706398,,,,,,,
925,ANCASH,"2,994,108.54",18/08/2022,20542049228,20530706398,,,,,,,
926,ANCASH,"3,897,731.01",12/08/2022,20603096763,20407863250,,,,,,,
927,ANCASH,"1,096,834.49",11/08/2022,20506003351,,,,,,,,
928,ANCASH,"3,342,490.38",10/08/2022,20539979885,20481605491,,,,,,,
929,ANCASH,"1,883,078.05",02/08/2022,20571420067,,,,,,,,
930,ANCASH,"3,956,612.71",22/07/2022,20571395283,20571273501,,,,,,,
931,ANCASH,"3,978,055.16",07/07/2022,20541616382,20531897413,,,,,,,
932,ANCASH,"6,516,559.95",07/07/2022,20602406939,20604803595,20461192077,,,,,,
933,ANCASH,"4,714,670.56",07/07/2022,20571309891,20534157500,,,,,,,
934,ANCASH,"3,832,305.46",07/07/2022,20601568561,20571273501,,,,,,,
935,ANCASH,"8,672,257.74",05/07/2022,20601649161,20600044207,,,,,,,
936,ANCASH,"1,880,419.23",22/06/2022,20571420067,20542083329,,,,,,,
937,ANCASH,"2,612,203.50",17/06/2022,20605308423,20530933882,,,,,,,
938,ANCASH,"6,999,959.79",16/06/2022,20605308423,20530933882,,,,,,,
939,ANCASH,"1,868,924.89",15/06/2022,20603373945,20533693327,,,,,,,
940,ANCASH,"7,739,198.59",15/06/2022,20487110141,20549761608,,,,,,,
941,ANCASH,"2,482,167.57",15/06/2022,20533974415,20534489685,,,,,,,
942,ANCASH,"7,205,665.28",15/06/2022,20571131464,20533621768,20534157500,,,,,,
943,ANCASH,"624,457.16",30/05/2022,20532033293,20600095936,,,,,,,
944,ANCASH,"2,799,653.49",30/05/2022,20542049228,20571131464,,,,,,,
945,ANCASH,"7,308,682.02",24/05/2022,20274419637,20600194420,,,,,,,
946,ANCASH,"4,842,517.42",23/05/2022,20605106910,20534013923,,,,,,,
947,ANCASH,"3,327,639.21",23/05/2022,20486290910,20323041092,,,,,,,
948,ANCASH,"252,958.38",11/05/2022,20602002285,20602797016,,,,,,,
949,ANCASH,"912,723.05",11/05/2022,20542073013,20407863250,,,,,,,
950,ANCASH,"3,744,241.18",06/05/2022,20571153867,20571395283,,,,,,,
951,ANCASH,"873,040.88",28/04/2022,20408061726,20607764621,,,,,,,
952,ANCASH,"1,765,329.45",28/04/2022,20530592520,20407011920,,,,,,,
953,ANCASH,"4,836,320.64",26/04/2022,20445700178,20445710211,,,,,,,
954,ANCASH,"7,397,554.11",26/04/2022,20531750749,20445685438,,,,,,,
955,ANCASH,"868,000.00",26/04/2022,20477160710,20600805348,,,,,,,
956,ANCASH,"3,094,407.72",20/04/2022,20600140893,20542438984,,,,,,,
957,ANCASH,"1,469,162.19",08/04/2022,20601568561,20534145757,,,,,,,
958,ANCASH,"2,471,058.26",08/04/2022,20604155828,20531064047,,,,,,,
959,ANCASH,"1,514,571.26",08/04/2022,20534010151,20603432224,,,,,,,
960,ANCASH,"2,182,406.18",31/03/2022,20407851677,20534022914,,,,,,,
961,ANCASH,"1,708,714.17",30/03/2022,20408010498,,,,,,,,
962,ANCASH,"8,957,305.73",30/03/2022,20601485088,20603354185,,,,,,,
963,ANCASH,"9,022,010.36",30/03/2022,20601994322,20571395364,,,,,,,
964,ANCASH,"2,808,301.53",30/03/2022,20571135885,20605233083,,,,,,,
965,ANCASH,"950,899.19",29/03/2022,20542049228,20607977454,,,,,,,
966,ANCASH,"3,189,624.70",07/03/2022,20531055722,20530592520,,,,,,,
967,ANCASH,"3,389,357.15",07/03/2022,20531927851,20568223307,20600180771,,,,,,
968,ANCASH,"3,514,289.94",25/02/2022,20488252578,20408018804,,,,,,,
969,ANCASH,"46,204,467.50",22/01/2024,20489532981,20571184151,,,,,,,
972,ANCASH,"77,450,355.62",17/01/2024,20205328662,20461112227,20602937934,,,,,,
1032,APURIMAC,"10,031,182.28",24/03/2021,20527479704,,,,,,,,
1038,APURIMAC,"4,331,170.01",03/03/2022,20564340384,20527814261,,,,,,,
1039,APURIMAC,"4,331,170.01",18/11/2021,20527760071,,,,,,,,
1128,AREQUIPA,"7,619,548.76",22/07/2021,20600929438,,,,,,,,
1129,AREQUIPA,"1,974,127.56",29/04/2021,20344483702,20534029927,,,,,,,
1130,AREQUIPA,"4,732,448.80",19/03/2021,20456323007,,,,,,,,
1131,AREQUIPA,"189,820,194.39",11/03/2021,20563373009,20601116082,,,,,,,
1132,AREQUIPA,"7,234,949.00",01/03/2021,20264545812,,,,,,,,
1133,AREQUIPA,"37,291,219.31",27/10/2022,20551773923,20101884407,,,,,,,
1134,AREQUIPA,"9,164,478.50",27/10/2022,20456315918,20604675198,,,,,,,
1135,AREQUIPA,"380,219.25",05/09/2022,20454785992,,,,,,,,
1136,AREQUIPA,"10,376,842.01",23/08/2022,20571505488,20604675198,20574662517,,,,,,
1137,AREQUIPA,"380,219.24",24/05/2022,20447714036,20447909716,,,,,,,
1141,AREQUIPA,"7,520,113.93",27/12/2024,20494883865,20601771641,,,,,,,
1142,AREQUIPA,"9,258,634.44",20/12/2024,20412823711,10295907024,,,,,,,
1143,AREQUIPA,"20,726,587.81",25/11/2024,20539013441,20226217003,,,,,,,
1144,AREQUIPA,"95,743,898.70",22/11/2024,20482396331,20523534590,20494784450,20506606722,,,,,
1145,AREQUIPA,"35,413,768.38",31/10/2024,10453522542,20494637074,,,,,,,
1146,AREQUIPA,"90,511,768.56",24/10/2024,20603476400,20523386469,20536290916,,,,,,
1147,AREQUIPA,"53,637,938.86",18/10/2024,20494883865,20489532981,,,,,,,
1148,AREQUIPA,"10,567,158.63",27/09/2024,20448056261,,,,,,,,
1149,AREQUIPA,"178,213,893.31",18/07/2024,20534166240,99000035293,,,,,,,
1150,AREQUIPA,"30,810,450.20",14/06/2024,99000032707,20603147465,,,,,,,
1151,AREQUIPA,"7,531,464.58",04/06/2024,20478157976,20452345251,,,,,,,
1152,AREQUIPA,"4,508,708.71",30/05/2024,10293806492,20498258116,,,,,,,
1153,AREQUIPA,"3,400,774.82",30/05/2024,20601016347,10004967122,10005125583,,,,,,
1154,AREQUIPA,"4,317,524.00",30/05/2024,10181420761,20541653156,20611168528,,,,,,
1155,AREQUIPA,"86,164,895.31",29/05/2024,99000035293,10224118100,20488496442,20534166240,,,,,
1156,AREQUIPA,"1,862,839.76",10/05/2024,20600935845,20564171761,,,,,,,
1157,AREQUIPA,"10,567,158.63",10/05/2024,20448080308,20447635080,,,,,,,
1158,AREQUIPA,"10,665,165.94",10/05/2024,20600002717,20406455603,,,,,,,
1159,AREQUIPA,"3,341,280.68",10/05/2024,20531607784,20571395364,,,,,,,
1255,AYACUCHO,"19,897,870.79",29/09/2021,20476423539,20218090550,,,,,,,
1256,AYACUCHO,"3,728,902.89",06/08/2021,20407412592,20494485118,,,,,,,
1257,AYACUCHO,"187,426,981.17",19/10/2022,20601143021,20517562158,,,,,,,
1258,AYACUCHO,"13,166,925.15",18/08/2022,20494397090,20534604701,,,,,,,
1259,AYACUCHO,"2,160,652.32",22/07/2022,20574750301,,,,,,,,
1260,AYACUCHO,"16,953,392.29",10/06/2022,20534714981,20102008066,,,,,,,
1261,AYACUCHO,"12,669,710.01",09/06/2022,20489517320,20527026238,,,,,,,
1262,AYACUCHO,"2,543,231.19",22/04/2022,20489536979,20528917951,,,,,,,
1263,AYACUCHO,"7,056,481.73",19/04/2022,20517623394,20494226287,,,,,,,
1264,AYACUCHO,"8,364,581.27",13/04/2022,20144691173,20600239598,,,,,,,
1265,AYACUCHO,"2,160,652.32",12/04/2022,20574605980,20534576146,,,,,,,
1269,AYACUCHO,"380,839,457.95",04/10/2024,20537169207,20602842330,20536612972,,,,,,
1483,CAJAMARCA,"23,232,710.00",21/02/2022,20495865747,20600044207,,,,,,,
1484,CAJAMARCA,"5,282,234.59",03/11/2021,20496021038,20495865747,,,,,,,
1485,CAJAMARCA,"3,416,460.79",03/11/2021,20495865747,20601473454,,,,,,,
1486,CAJAMARCA,"9,167,870.71",30/06/2021,20529467606,20496159811,,,,,,,
1487,CAJAMARCA,"13,312,332.24",12/05/2021,20496159811,20529467606,,,,,,,
1488,CAJAMARCA,"5,844,271.84",17/02/2021,20481813841,,,,,,,,
1489,CAJAMARCA,"5,264,145.35",10/02/2021,20453627951,20495656234,,,,,,,
1490,CAJAMARCA,"5,469,568.23",09/08/2022,20529698918,20495999352,,,,,,,
1491,CAJAMARCA,"2,662,324.66",04/08/2022,20554659242,20535757811,,,,,,,
1492,CAJAMARCA,"522,049.82",26/07/2022,20495999352,,,,,,,,
1493,CAJAMARCA,"1,851,917.08",15/06/2022,20495751229,,,,,,,,
1494,CAJAMARCA,"4,527,100.96",05/05/2022,20355337619,20560107006,,,,,,,
1495,CAJAMARCA,"4,424,452.74",07/04/2022,20601525594,20453649840,,,,,,,
1496,CAJAMARCA,"2,768,559.75",14/03/2022,20529626330,20439586665,,,,,,,
1497,CAJAMARCA,"1,943,652.51",16/01/2024,20495751229,20610241191,,,,,,,
1506,CAJAMARCA,"4,877,273.54",11/12/2024,20609906066,20119756821,,,,,,,
1507,CAJAMARCA,"1,408,789.78",15/11/2024,20480188404,,,,,,,,
1508,CAJAMARCA,"6,764,290.45",30/10/2024,20451464567,20368833089,,,,,,,
1509,CAJAMARCA,"4,716,478.27",24/10/2024,20570740866,20600798937,,,,,,,
1510,CAJAMARCA,"31,981,270.28",11/10/2024,20491552981,20570698304,,,,,,,
1511,CAJAMARCA,"27,364,314.86",04/10/2024,20491552981,20570698304,,,,,,,
1512,CAJAMARCA,"9,500,000.00",10/09/2024,20570709861,20570690079,,,,,,,
1513,CAJAMARCA,"28,709,670.64",25/04/2024,20534166240,20570646681,,,,,,,
1781,CALLAO,"29,668,033.02",18/01/2022,20600655095,20603613474,,,,,,,
1782,CALLAO,"410,877.69",28/12/2021,20489665604,20489539137,,,,,,,
1783,CALLAO,"442,697.85",13/12/2021,20534004185,,,,,,,,
1784,CALLAO,"116,308,466.02",07/12/2021,20296637697,20602979173,,,,,,,
1785,CALLAO,"1,292,785.59",19/10/2021,20543060918,,,,,,,,
1786,CALLAO,"410,708.77",12/10/2021,20507503889,,,,,,,,
1787,CALLAO,"1,769,925.29",12/10/2021,20546240852,,,,,,,,
1788,CALLAO,"737,064.89",30/09/2021,20543060918,,,,,,,,
1789,CALLAO,"1,407,148.99",06/09/2021,20601500648,20521401703,,,,,,,
1790,CALLAO,"1,774,586.32",16/07/2021,20493043073,20525089917,,,,,,,
1791,CALLAO,"101,198.66",11/06/2021,20335343701,,,,,,,,
1792,CALLAO,"1,142,090.68",26/05/2021,20261295246,,,,,,,,
1793,CALLAO,"1,475,659.75",21/05/2021,20506003351,,,,,,,,
1794,CALLAO,"134,696.30",09/04/2021,20493043073,,,,,,,,
1795,CALLAO,"2,055,201.65",30/03/2021,20513051833,,,,,,,,
1796,CALLAO,"1,475,659.75",10/03/2021,20547896026,,,,,,,,
1797,CALLAO,"2,140,278.37",16/12/2022,20232650444,,,,,,,,
1798,CALLAO,"1,150,000.00",11/11/2022,20517623394,20607284033,,,,,,,
1799,CALLAO,"2,716,759.62",07/11/2022,20478169559,,,,,,,,
1800,CALLAO,"32,443,870.01",23/09/2022,20486960401,,,,,,,,
1801,CALLAO,"383,562.99",22/09/2022,20493043073,,,,,,,,
1802,CALLAO,"2,726,512.22",08/09/2022,20553668027,10232487149,,,,,,,
1803,CALLAO,"10,962,760.69",28/06/2022,20173126345,,,,,,,,
1804,CALLAO,"1,012,491.01",12/05/2022,20379560742,,,,,,,,
1805,CALLAO,"421,547.38",16/03/2022,10086203753,20451738284,,,,,,,
1806,CALLAO,"2,435,475.42",28/02/2022,20478169559,20493043073,,,,,,,
1807,CALLAO,"16,286,618.15",23/02/2022,20508794968,,,,,,,,
1808,CALLAO,"11,890,891.81",27/01/2022,20501581951,20503953839,20553453845,,,,,,
1809,CALLAO,"1,325,234.91",26/01/2022,20547097069,,,,,,,,
1820,CALLAO,"22,772,740.77",25/11/2024,20545316561,,,,,,,,
1821,CALLAO,"15,653,003.99",24/09/2024,20601460204,20609132079,,,,,,,
1822,CALLAO,"3,050,248.53",23/09/2024,20482817026,20481567549,,,,,,,
1823,CALLAO,"4,389,786.15",23/09/2024,20559507769,20482100580,,,,,,,
1824,CALLAO,"35,165,689.98",12/09/2024,20601595096,20523071042,,,,,,,
1825,CALLAO,"46,889,524.41",03/05/2024,20556700487,20552238665,,,,,,,
1826,CALLAO,"28,024,995.37",11/03/2024,20399019355,,,,,,,,
1827,CALLAO,"5,456,156.35",08/02/2024,20440439129,,,,,,,,
1828,CALLAO,"3,946,732.89",08/02/2024,20215462910,,,,,,,,
1965,CUSCO,"25,191,267.21",21/03/2022,20525716342,,,,,,,,
1966,CUSCO,"18,963,473.27",21/03/2022,20525716342,,,,,,,,
1967,CUSCO,"13,892,462.32",21/03/2022,20525716342,,,,,,,,
1968,CUSCO,"12,665,576.51",21/03/2022,20525716342,,,,,,,,
1969,CUSCO,"15,979,861.16",01/03/2022,20525716342,,,,,,,,
1970,CUSCO,"17,397,878.46",01/03/2022,20525716342,,,,,,,,
1971,CUSCO,"6,478,703.73",01/03/2022,20525716342,,,,,,,,
1972,CUSCO,"19,932,041.93",01/03/2022,20525716342,,,,,,,,
1973,CUSCO,"2,724,180.45",23/08/2021,20547097069,20527942773,,,,,,,
1974,CUSCO,"3,294,847.50",21/07/2021,20524375631,20528003401,,,,,,,
1975,CUSCO,"9,343,694.08",16/03/2021,20527109362,,,,,,,,
1976,CUSCO,"5,062,287.46",16/11/2022,20601338361,,,,,,,,
1977,CUSCO,"2,542,803.00",19/10/2022,20523071042,20451624432,,,,,,,
1978,CUSCO,"2,557,457.80",14/10/2022,20494299161,,,,,,,,
1979,CUSCO,"18,094,452.10",14/03/2022,20564059171,20490197771,20601665591,,,,,,
1980,CUSCO,"14,632,803.52",07/03/2022,20452440912,20527164207,,,,,,,
1992,CUSCO,"2,268,401.80",25/11/2024,20527164207,,,,,,,,
1993,CUSCO,"56,401,048.65",30/10/2024,20611055944,20493537742,,,,,,,
1994,CUSCO,"15,401,635.03",23/08/2024,20489558433,20106758477,,,,,,,
1995,CUSCO,"2,446,470.64",10/07/2024,20559291901,20606079941,,,,,,,
2309,HUANCAVELICA,"583,501.60",29/12/2021,20486974886,20451961196,10295928234,20604315582,20601714966,20601480493,20487064522,10206701248,
2310,HUANCAVELICA,"2,385,054.75",20/12/2021,20494951020,20494665876,,,,,,,
2311,HUANCAVELICA,"747,531.90",17/12/2021,20486136830,,,,,,,,
2312,HUANCAVELICA,"4,069,522.96",01/12/2021,20568355041,,,,,,,,
2313,HUANCAVELICA,"2,746,808.66",01/12/2021,20452840775,20494341973,,,,,,,
2314,HUANCAVELICA,"4,168,833.70",30/11/2021,20494951020,20600661966,,,,,,,
2315,HUANCAVELICA,"7,871,916.04",30/11/2021,10410713506,20494947774,,,,,,,
2316,HUANCAVELICA,"3,659,163.17",13/09/2021,20486404273,20600601891,,,,,,,
2317,HUANCAVELICA,"1,997,563.78",21/07/2021,20503865549,20520970704,,,,,,,
2318,HUANCAVELICA,"168,571,515.92",20/07/2021,20600977661,,,,,,,,
2319,HUANCAVELICA,"185,541,354.74",10/06/2021,99000030216,20605034684,,,,,,,
2320,HUANCAVELICA,"50,900,000.00",07/06/2021,20604269009,20605487051,,,,,,,
2321,HUANCAVELICA,"8,711,443.23",29/04/2021,20486404273,20600180771,,,,,,,
2322,HUANCAVELICA,"5,135,851.92",18/11/2022,20568355041,,,,,,,,
2323,HUANCAVELICA,"569,791.74",14/09/2022,20601593476,20486974886,,,,,,,
2324,HUANCAVELICA,"555,537.25",14/09/2022,20486974886,,,,,,,,
2325,HUANCAVELICA,"694,933.14",14/09/2022,20335343701,,,,,,,,
2326,HUANCAVELICA,"26,280,640.38",09/08/2022,20486960401,20600180771,,,,,,,
2327,HUANCAVELICA,"432,552.92",25/07/2022,20608145088,20606820993,,,,,,,
2328,HUANCAVELICA,"1,131,970.94",25/07/2022,20392986601,,,,,,,,
2329,HUANCAVELICA,"1,131,970.94",31/03/2022,20506003351,,,,,,,,
2335,HUANCAVELICA,"95,522,877.13",25/10/2024,20100047218,,,,,,,,
2336,HUANCAVELICA,"5,635,909.79",17/06/2024,20486404273,20602768261,,,,,,,
2337,HUANCAVELICA,"6,703,579.58",13/05/2024,20605238468,20600827252,,,,,,,
2338,HUANCAVELICA,"7,884,035.81",09/05/2024,20486404273,20486299038,,,,,,,
2766,HUANUCO,"1,123,271.74",30/12/2021,20542191059,20600106351,,,,,,,
2767,HUANUCO,"904,193.70",31/05/2021,20516615088,,,,,,,,
2768,HUANUCO,"31,524,150.94",11/05/2021,20492255981,20547097069,20602631258,,,,,,
2769,HUANUCO,"2,062,409.26",28/04/2021,20393151812,20601263158,,,,,,,
2770,HUANUCO,"1,136,085.91",07/04/2021,20542191059,20606474254,,,,,,,
2771,HUANUCO,"679,069.34",04/03/2021,20489536979,20604540764,,,,,,,
2772,HUANUCO,"1,525,709.72",12/12/2022,20573333081,20600013255,,,,,,,
2773,HUANUCO,"1,544,438.69",04/11/2022,20603194676,20489680310,,,,,,,
2774,HUANUCO,"1,216,292.21",02/11/2022,20489688647,20610153021,,,,,,,
2775,HUANUCO,"1,330,019.28",14/10/2022,20486834529,20573140959,,,,,,,
2776,HUANUCO,"31,390,674.74",10/08/2022,20542408562,20489532981,,,,,,,
2777,HUANUCO,"813,976.83",02/08/2022,20573320779,20528932321,,,,,,,
2778,HUANUCO,"12,198,193.18",14/07/2022,20489532981,20542408562,,,,,,,
2779,HUANUCO,"1,223,600.58",12/07/2022,20534004185,,,,,,,,
2780,HUANUCO,"277,014.13",07/07/2022,20531055722,20534013508,,,,,,,
2781,HUANUCO,"439,746.06",07/07/2022,20531055722,20534013508,,,,,,,
2782,HUANUCO,"448,630.32",07/07/2022,20573078897,20608077163,,,,,,,
2783,HUANUCO,"441,866.00",06/07/2022,20573078897,20608077163,,,,,,,
2784,HUANUCO,"497,789.54",06/07/2022,20510591829,,,,,,,,
2785,HUANUCO,"737,228.90",06/07/2022,20510591829,,,,,,,,
2786,HUANUCO,"1,226,591.50",05/07/2022,20486834529,,,,,,,,
2787,HUANUCO,"1,533,734.68",05/07/2022,20489536979,20573140959,,,,,,,
2788,HUANUCO,"1,168,456.24",05/07/2022,20486834529,,,,,,,,
2789,HUANUCO,"6,613,215.91",05/07/2022,20601263158,20226217003,,,,,,,
2790,HUANUCO,"1,239,291.96",10/06/2022,20486834529,,,,,,,,
2791,HUANUCO,"1,872,562.70",08/06/2022,20529286997,20489643627,,,,,,,
2792,HUANUCO,"5,505,101.55",20/05/2022,20542408562,,,,,,,,
2793,HUANUCO,"1,071,936.45",22/02/2022,20482474587,,,,,,,,
2833,HUANUCO,"7,880,553.25",19/12/2024,20552839073,20226217003,,,,,,,
2834,HUANUCO,"2,713,949.91",22/11/2024,20489650674,20529066521,,,,,,,
2835,HUANUCO,"3,085,028.51",22/11/2024,20600184416,,,,,,,,
2836,HUANUCO,"5,474,998.57",18/09/2024,20602486894,20515422154,,,,,,,
2837,HUANUCO,"415,000.00",13/09/2024,20573333081,20605583718,,,,,,,
2838,HUANUCO,"502,825.26",13/09/2024,20571420067,20606330732,,,,,,,
2839,HUANUCO,"473,792.09",12/09/2024,20571420067,20600349466,,,,,,,
2840,HUANUCO,"485,726.06",12/09/2024,20542191059,20604048746,,,,,,,
2841,HUANUCO,"483,745.40",12/09/2024,20486751151,,,,,,,,
2842,HUANUCO,"797,953.95",12/09/2024,20489475228,20602473903,,,,,,,
2843,HUANUCO,"385,100.46",10/09/2024,20602633960,20568838352,,,,,,,
2844,HUANUCO,"1,868,562.98",04/09/2024,20573098731,20529169842,,,,,,,
2845,HUANUCO,"2,390,113.60",20/08/2024,20600172744,20571395283,,,,,,,
2846,HUANUCO,"507,446.98",14/08/2024,20573068743,20573264097,,,,,,,
2847,HUANUCO,"1,109,030.22",15/07/2024,20602924701,20608077163,,,,,,,
2848,HUANUCO,"2,874,149.76",20/06/2024,20608077163,20489536979,,,,,,,
2849,HUANUCO,"3,180,610.26",19/06/2024,20542191059,20571135885,,,,,,,
2850,HUANUCO,"2,492,469.05",18/06/2024,20528910433,20573098731,,,,,,,
2851,HUANUCO,"1,885,059.58",14/06/2024,20531054327,20600142152,,,,,,,
2852,HUANUCO,"1,438,627.68",14/06/2024,20604488517,20529202998,,,,,,,
2853,HUANUCO,"3,979,744.42",13/06/2024,20600330722,20600021045,,,,,,,
2854,HUANUCO,"461,757.13",30/05/2024,20534013508,20601421586,,,,,,,
2855,HUANUCO,"505,826.35",30/05/2024,20600347633,20571420067,,,,,,,
2856,HUANUCO,"462,458.27",30/05/2024,20608515551,20486743302,,,,,,,
2857,HUANUCO,"426,386.16",30/05/2024,20486751151,,,,,,,,
2858,HUANUCO,"458,348.44",30/05/2024,20573078897,20573195427,,,,,,,
2859,HUANUCO,"543,509.94",30/05/2024,20542344653,20601486505,,,,,,,
2860,HUANUCO,"603,216.00",30/05/2024,20407836872,20600259688,,,,,,,
2861,HUANUCO,"483,660.00",30/05/2024,20610882499,20489717175,,,,,,,
2862,HUANUCO,"478,341.33",30/05/2024,20542191059,20489536979,,,,,,,
2863,HUANUCO,"287,380.41",30/05/2024,20606908815,,,,,,,,
2864,HUANUCO,"1,378,358.84",29/05/2024,20608077163,20602924701,,,,,,,
2865,HUANUCO,"1,253,252.93",21/05/2024,20489466741,,,,,,,,
2866,HUANUCO,"342,360.99",02/05/2024,20602500463,20606862581,,,,,,,
2867,HUANUCO,"977,256.93",17/04/2024,20573041977,20573333081,,,,,,,
2868,HUANUCO,"1,331,584.34",15/03/2024,20489558433,20610563580,,,,,,,
2869,HUANUCO,"1,709,390.47",14/03/2024,20542531097,20489544998,,,,,,,
2870,HUANUCO,"1,109,030.22",13/03/2024,20514155403,,,,,,,,
2871,HUANUCO,"6,821,360.26",11/03/2024,20487913791,20608386794,,,,,,,
2872,HUANUCO,"8,467,994.56",08/03/2024,20608386794,20487913791,,,,,,,
2873,HUANUCO,"3,330,590.56",04/03/2024,20571135885,20601161321,,,,,,,
3079,ICA,"3,254,433.45",03/11/2021,20452468418,,,,,,,,
3080,ICA,"4,542,407.28",29/10/2021,20527479704,,,,,,,,
3081,ICA,"13,881,746.83",21/10/2021,20527479704,20527267511,,,,,,,
3082,ICA,"4,526,343.29",06/10/2021,20508326433,,,,,,,,
3083,ICA,"34,712,531.68",09/04/2021,20367759551,,,,,,,,
3084,ICA,"20,291,277.63",14/12/2022,20602258395,20523386469,,,,,,,
3085,ICA,"1,727,967.39",09/11/2022,20486753791,,,,,,,,
3086,ICA,"65,150,648.35",04/10/2022,20537169207,20517562158,,,,,,,
3087,ICA,"3,442,803.74",04/10/2022,20547282559,,,,,,,,
3088,ICA,"89,584,307.00",15/08/2022,20537169207,20517562158,,,,,,,
3089,ICA,"5,104,651.85",05/07/2022,20508326433,,,,,,,,
3090,ICA,"10,676,027.70",04/07/2022,20367759551,,,,,,,,
3091,ICA,"4,595,763.71",16/06/2022,20261295246,20268887785,,,,,,,
3092,ICA,"3,442,803.74",10/06/2022,20547282559,,,,,,,,
3093,ICA,"75,720,833.36",03/06/2022,20531659075,20445575411,20532002819,,,,,,
3094,ICA,"9,449,640.85",27/05/2022,20452371414,,,,,,,,
3095,ICA,"1,795,366.45",26/05/2022,20495031137,20600472233,,,,,,,
3096,ICA,"4,145,476.99",26/05/2022,20514444341,,,,,,,,
3097,ICA,"15,414,784.08",25/05/2022,20485988468,20486753791,,,,,,,
3098,ICA,"2,959,264.81",03/05/2022,20534393572,20534749008,,,,,,,
3099,ICA,"2,050,607.52",22/04/2022,20536704231,,,,,,,,
3100,ICA,"3,138,076.77",23/03/2022,20510711824,,,,,,,,
3101,ICA,"15,175,948.27",16/03/2022,20452468418,20494263484,,,,,,,
3102,ICA,"3,437,211.60",02/03/2022,20508326433,,,,,,,,
3103,ICA,"4,803,066.82",27/01/2022,20452457726,20600689020,,,,,,,
3104,ICA,"12,695,936.04",17/01/2022,20600472233,20494263484,,,,,,,
3124,ICA,"9,965,552.02",05/12/2024,20494690552,20604749591,,,,,,,
3125,ICA,"2,738,299.95",05/12/2024,20494690552,20452795532,,,,,,,
3126,ICA,"6,894,311.41",05/12/2024,20541653156,20528910433,,,,,,,
3127,ICA,"678,847.53",26/11/2024,20600136586,,,,,,,,
3128,ICA,"3,973,480.98",15/11/2024,20494565065,20600472233,,,,,,,
3129,ICA,"14,645,435.88",06/11/2024,20534175664,20494665876,,,,,,,
3130,ICA,"2,379,769.18",27/09/2024,20534517131,20535195715,,,,,,,
3131,ICA,"2,363,087.20",03/09/2024,20600029798,,,,,,,,
3132,ICA,"13,465,969.74",26/08/2024,20407412592,20510711824,,,,,,,
3133,ICA,"753,000.00",23/08/2024,20607935972,20601158362,,,,,,,
3134,ICA,"1,554,587.25",22/08/2024,20604191522,20600998448,,,,,,,
3135,ICA,"43,788,654.52",22/08/2024,20494263484,20493606736,20606457945,,,,,,
3136,ICA,"8,292,039.27",21/08/2024,20494690552,20452457726,,,,,,,
3137,ICA,"3,772,439.61",21/08/2024,20494674352,20534500247,,,,,,,
3138,ICA,"33,633,280.97",21/08/2024,20603202954,20531065019,20600292979,,,,,,
3139,ICA,"177,013.35",19/08/2024,10401925461,20452777470,,,,,,,
3140,ICA,"48,336,880.82",09/08/2024,20534220473,20605898905,20534500247,,,,,,
3141,ICA,"48,336,880.82",12/04/2024,20534500247,20605898905,20494263484,,,,,,
3142,ICA,"6,038,928.67",05/03/2024,20544528026,20534220473,,,,,,,
3383,JUNIN,"3,423,667.13",30/12/2021,20495042333,20574732400,20602262201,,,,,,
3384,JUNIN,"128,077,221.59",29/12/2021,20602979173,,,,,,,,
3385,JUNIN,"2,024,906.50",23/12/2021,20494854172,,,,,,,,
3386,JUNIN,"11,091,790.43",29/11/2021,20377890117,20600683650,,,,,,,
3387,JUNIN,"121,753,631.44",26/11/2021,20602979173,,,,,,,,
3388,JUNIN,"702,946.07",15/11/2021,20568992351,20541462644,,,,,,,
3389,JUNIN,"1,330,544.75",09/11/2021,20604384002,20494854172,,,,,,,
3390,JUNIN,"1,120,500.00",08/11/2021,20568838352,20568071876,,,,,,,
3391,JUNIN,"17,054,300.53",29/10/2021,20514402346,20529166151,20528901361,,,,,,
3392,JUNIN,"1,228,307.91",28/10/2021,20568535376,20568437528,,,,,,,
3393,JUNIN,"49,940,957.71",26/10/2021,20487499685,20487950301,20438494171,,,,,,
3394,JUNIN,"7,633,585.66",19/10/2021,20486573113,20486693283,,,,,,,
3395,JUNIN,"7,073,020.90",19/10/2021,20523070071,20232650444,,,,,,,
3396,JUNIN,"2,475,696.01",18/10/2021,20486887568,,,,,,,,
3397,JUNIN,"9,112,696.98",29/09/2021,20461112227,20568112220,,,,,,,
3398,JUNIN,"20,383,418.31",09/08/2021,20568223307,20486960401,20444927098,,,,,,
3399,JUNIN,"8,918,442.03",16/06/2021,20494854172,20407412592,,,,,,,
3400,JUNIN,"67,245,585.16",14/04/2021,20604269009,,,,,,,,
3401,JUNIN,"25,413,754.95",09/11/2022,20547097069,20501430669,,,,,,,
3402,JUNIN,"42,848,634.74",26/09/2022,20601143021,20514014419,,,,,,,
3403,JUNIN,"179,013,502.43",20/09/2022,20602371442,,,,,,,,
3404,JUNIN,"12,013,041.76",16/09/2022,20486975939,,,,,,,,
3405,JUNIN,"303,099,339.55",13/09/2022,20602371442,,,,,,,,
3406,JUNIN,"11,085,992.86",08/07/2022,20574750301,20574732400,,,,,,,
3407,JUNIN,"20,450,216.55",26/04/2022,20489517320,20452440912,,,,,,,
3408,JUNIN,"187,075,508.96",05/04/2022,20602371442,,,,,,,,
3409,JUNIN,"42,886,018.03",11/02/2022,20603476400,20600192087,,,,,,,
3410,JUNIN,"115,620,399.68",02/02/2022,20101884407,20529104988,,,,,,,
3411,JUNIN,"1,736,414.02",26/01/2022,20486573113,20600696654,,,,,,,
3412,JUNIN,"35,697,710.74",17/06/2024,20534666218,20494951020,,,,,,,
3413,JUNIN,"92,355,551.97",02/02/2024,20282062080,,,,,,,,
3460,JUNIN,"3,883,507.09",27/12/2024,20399273146,20603554257,,,,,,,
3461,JUNIN,"28,017,961.64",27/12/2024,20608817141,20494951020,,,,,,,
3462,JUNIN,"1,718,053.47",27/12/2024,20489739900,20611005734,,,,,,,
3463,JUNIN,"10,308,124.03",27/12/2024,20600180771,20610065571,20569064792,,,,,,
3464,JUNIN,"2,161,166.15",27/12/2024,20609958023,20568971273,,,,,,,
3465,JUNIN,"6,707,644.46",27/12/2024,20600021045,20573884711,,,,,,,
3466,JUNIN,"9,870,954.51",27/12/2024,20568161786,20600644531,,,,,,,
3467,JUNIN,"4,362,729.54",26/12/2024,20568927886,20602429670,,,,,,,
3468,JUNIN,"5,643,522.95",26/12/2024,20600029798,20489684145,,,,,,,
3469,JUNIN,"3,515,657.34",26/12/2024,20603433867,20407412592,,,,,,,
3470,JUNIN,"4,218,696.89",26/12/2024,20534839091,20573819731,,,,,,,
3471,JUNIN,"15,295,316.04",26/12/2024,20571395283,,,,,,,,
3472,JUNIN,"4,267,396.79",26/12/2024,20568050283,20606460199,,,,,,,
3473,JUNIN,"3,678,920.30",13/12/2024,20610907076,20486103079,,,,,,,
3474,JUNIN,"4,999,748.10",13/12/2024,20610515887,20568161786,,,,,,,
3475,JUNIN,"57,209,195.13",12/12/2024,20486960401,20600180771,,,,,,,
3476,JUNIN,"6,525,766.39",11/12/2024,20486132338,20487047512,,,,,,,
3477,JUNIN,"2,595,364.82",11/12/2024,20573884711,20541462644,,,,,,,
3478,JUNIN,"3,911,654.16",10/12/2024,20486093847,20486558742,,,,,,,
3479,JUNIN,"9,459,024.92",03/12/2024,20494252521,20609212129,,,,,,,
3480,JUNIN,"1,518,597.10",03/12/2024,20568163487,20568003790,,,,,,,
3481,JUNIN,"1,831,829.77",03/12/2024,20261295246,,,,,,,,
3482,JUNIN,"121,370,516.55",02/12/2024,20493537742,20611396652,,,,,,,
3483,JUNIN,"196,842,972.81",28/11/2024,20486995450,20486960401,20600696654,,,,,,
3484,JUNIN,"70,988,547.79",28/11/2024,20489430399,20529068655,,,,,,,
3485,JUNIN,"87,746,857.06",27/11/2024,20489432413,20489371791,,,,,,,
3486,JUNIN,"2,415,463.53",27/11/2024,20568275013,20486243750,,,,,,,
3487,JUNIN,"33,629,523.67",26/11/2024,20568161786,,,,,,,,
3488,JUNIN,"3,425,524.74",22/11/2024,20541556380,20600160347,20601762316,,,,,,
3489,JUNIN,"1,984,077.75",20/11/2024,20600060652,,,,,,,,
3490,JUNIN,"10,860,896.98",18/11/2024,20568345755,20486103079,20568535376,,,,,,
3491,JUNIN,"8,022,506.75",18/11/2024,20407412592,20603433867,,,,,,,
3492,JUNIN,"6,719,695.00",14/11/2024,20489544998,20541453815,,,,,,,
3493,JUNIN,"2,527,495.42",14/11/2024,20489544998,20541453815,,,,,,,
3494,JUNIN,"4,395,994.42",14/11/2024,20568275013,20601792789,,,,,,,
3495,JUNIN,"5,442,641.34",13/11/2024,20531455313,20600258231,,,,,,,
3496,JUNIN,"10,355,785.14",13/11/2024,20489626706,20602648967,,,,,,,
3497,JUNIN,"17,484,583.72",12/11/2024,20600021045,20607804134,,,,,,,
3498,JUNIN,"6,283,881.62",11/11/2024,20568275013,20568360801,,,,,,,
3499,JUNIN,"1,602,349.66",07/11/2024,20605423877,20541417851,,,,,,,
3500,JUNIN,"4,293,432.15",07/11/2024,20568345755,20486807122,,,,,,,
3501,JUNIN,"36,620,784.36",31/10/2024,20557209752,20542153980,,,,,,,
3502,JUNIN,"13,896,091.46",30/10/2024,20600704762,20528924221,,,,,,,
3503,JUNIN,"3,684,727.30",29/10/2024,20486812479,20487176169,,,,,,,
3504,JUNIN,"4,770,563.58",29/10/2024,20486404273,20608699181,,,,,,,
3505,JUNIN,"2,200,950.77",28/10/2024,20568345755,20602125247,,,,,,,
3506,JUNIN,"3,589,782.80",28/10/2024,20568050283,20568210078,,,,,,,
3507,JUNIN,"1,767,243.59",25/10/2024,20486103079,20610305670,,,,,,,
3508,JUNIN,"587,871.51",23/10/2024,20600029798,,,,,,,,
3509,JUNIN,"108,482,869.58",30/09/2024,20600180771,20486960401,,,,,,,
3510,JUNIN,"2,515,069.28",26/09/2024,20494951020,20607687898,,,,,,,
3511,JUNIN,"3,391,296.79",06/09/2024,20568223307,20486743302,,,,,,,
3512,JUNIN,"226,526,037.89",05/09/2024,20536612972,20282062080,,,,,,,
3513,JUNIN,"13,814,832.70",27/06/2024,20568327773,20486887568,,,,,,,
3514,JUNIN,"8,615,243.28",20/06/2024,20486573113,20568535376,,,,,,,
3515,JUNIN,"173,631,976.74",17/06/2024,20529104988,20608429191,,,,,,,
3516,JUNIN,"2,979,000.88",17/06/2024,20541462644,20602246575,,,,,,,
3517,JUNIN,"11,257,308.04",13/06/2024,20494854172,20604863806,,,,,,,
3518,JUNIN,"951,247.75",27/05/2024,20486132338,20568237430,,,,,,,
3519,JUNIN,"7,035,508.71",24/05/2024,20486132338,20600140893,,,,,,,
3520,JUNIN,"2,484,222.86",23/05/2024,20605623612,20600029798,,,,,,,
3521,JUNIN,"6,993,492.70",22/05/2024,20528917951,,,,,,,,
3522,JUNIN,"4,845,058.97",21/05/2024,20461112227,20535886033,,,,,,,
3523,JUNIN,"7,052,875.64",07/05/2024,20401507818,20603206186,,,,,,,
3524,JUNIN,"7,100,623.75",02/05/2024,20600021045,20600160347,,,,,,,
3525,JUNIN,"18,041,961.92",24/04/2024,20600021045,20601714966,,,,,,,
3526,JUNIN,"4,498,075.59",24/04/2024,20601409829,20487047512,,,,,,,
3527,JUNIN,"2,780,426.50",23/04/2024,20602262201,20486103079,,,,,,,
3528,JUNIN,"5,290,114.94",22/04/2024,20568161786,20487047512,,,,,,,
3529,JUNIN,"6,656,243.67",22/04/2024,20541592777,,,,,,,,
3530,JUNIN,"2,985,282.98",22/04/2024,20568684614,20610414878,,,,,,,
3531,JUNIN,"3,763,192.39",11/04/2024,20573041977,20528917951,,,,,,,
3532,JUNIN,"8,143,790.05",01/03/2024,20486625954,20487065502,,,,,,,
3533,JUNIN,"338,740.85",28/02/2024,20600021045,20611286962,,,,,,,
3534,JUNIN,"3,666,504.86",09/02/2024,20546099220,20568196491,,,,,,,
3535,JUNIN,"149,628,219.99",01/02/2024,20574702322,20568275013,20494252521,,,,,,
3795,LA LIBERTAD,"717,884.06",29/12/2021,20606525690,20453649840,,,,,,,
3796,LA LIBERTAD,"609,345.62",29/12/2021,20121907608,,,,,,,,
3797,LA LIBERTAD,"2,241,060.06",28/12/2021,20529656751,20134483611,,,,,,,
3798,LA LIBERTAD,"17,308,704.11",18/10/2021,99000028271,20603089619,20477617434,,,,,,
3799,LA LIBERTAD,"1,396,115.72",18/10/2021,20477458883,,,,,,,,
3800,LA LIBERTAD,"1,564,363.28",15/09/2021,20504553516,20529440074,,,,,,,
3801,LA LIBERTAD,"3,128,538.23",13/09/2021,20489304687,,,,,,,,
3802,LA LIBERTAD,"2,057,620.20",23/08/2021,20477460357,20531750749,,,,,,,
3803,LA LIBERTAD,"150,000.00",18/06/2021,20559687643,,,,,,,,
3804,LA LIBERTAD,"7,682,448.73",25/05/2021,20539094930,20481813841,,,,,,,
3805,LA LIBERTAD,"34,648,304.19",19/05/2021,20529688017,20495934498,10266854892,,,,,,
3806,LA LIBERTAD,"2,869,921.71",17/05/2021,20495865747,20529656751,,,,,,,
3807,LA LIBERTAD,"11,031,463.21",11/05/2021,20603716176,20477150242,,,,,,,
3808,LA LIBERTAD,"12,596,739.28",07/04/2021,20501430669,20544771478,,,,,,,
3809,LA LIBERTAD,"14,746,308.36",07/04/2021,20544771478,20501430669,,,,,,,
3810,LA LIBERTAD,"526,883.03",01/04/2021,20482206574,,,,,,,,
3811,LA LIBERTAD,"52,550.00",08/01/2021,20539094930,,,,,,,,
3812,LA LIBERTAD,"78,500.00",08/01/2021,20539094930,,,,,,,,
3813,LA LIBERTAD,"79,000.00",07/01/2021,20539094930,,,,,,,,
3815,LA LIBERTAD,"7,554,747.05",20/12/2022,20481561265,,,,,,,,
3816,LA LIBERTAD,"2,036,421.27",12/12/2022,20326387593,20529656751,,,,,,,
3817,LA LIBERTAD,"26,729,685.57",13/10/2022,20397595782,20603476400,20477304908,,,,,,
3818,LA LIBERTAD,"3,983,503.58",12/10/2022,20601226279,20205328662,,,,,,,
3819,LA LIBERTAD,"7,470,872.69",11/10/2022,20461642706,,,,,,,,
3820,LA LIBERTAD,"2,036,421.27",30/09/2022,20326387593,20529656751,,,,,,,
3821,LA LIBERTAD,"13,306,017.14",09/09/2022,20529698918,20481188955,,,,,,,
3822,LA LIBERTAD,"3,822,194.91",04/07/2022,20482261168,,,,,,,,
3823,LA LIBERTAD,"3,885,012.53",22/06/2022,20601649161,20529656751,,,,,,,
3824,LA LIBERTAD,"13,692,903.23",17/06/2022,20531309091,,,,,,,,
3825,LA LIBERTAD,"2,056,755.50",15/06/2022,20481791422,20482247921,,,,,,,
3826,LA LIBERTAD,"3,592,656.82",15/06/2022,20484228451,,,,,,,,
3827,LA LIBERTAD,"2,775,891.71",15/06/2022,20530147127,20538913571,,,,,,,
3828,LA LIBERTAD,"2,423,454.92",15/06/2022,20440439129,20600167571,,,,,,,
3829,LA LIBERTAD,"2,352,635.23",14/06/2022,20494784450,20553792119,,,,,,,
3830,LA LIBERTAD,"2,224,420.16",14/06/2022,20481456712,20542191059,,,,,,,
3831,LA LIBERTAD,"4,648,629.62",14/06/2022,20144691173,20477458883,,,,,,,
3832,LA LIBERTAD,"1,034,422.76",14/06/2022,20481475342,,,,,,,,
3833,LA LIBERTAD,"2,272,172.31",14/06/2022,20502322711,20481728062,,,,,,,
3834,LA LIBERTAD,"1,664,664.28",14/06/2022,20477458883,,,,,,,,
3835,LA LIBERTAD,"4,112,855.16",31/05/2022,20355337619,20482644253,,,,,,,
3836,LA LIBERTAD,"13,455,464.76",12/05/2022,20477304908,20482093354,,,,,,,
3837,LA LIBERTAD,"514,201.92",18/04/2022,20600167571,,,,,,,,
3838,LA LIBERTAD,"5,455,480.98",08/04/2022,20481966672,,,,,,,,
3839,LA LIBERTAD,"1,570,711.62",04/03/2022,20482840516,,,,,,,,
3840,LA LIBERTAD,"1,752,205.53",18/02/2022,20481561265,,,,,,,,
3841,LA LIBERTAD,"3,523,750.26",17/02/2022,20481871027,,,,,,,,
3842,LA LIBERTAD,"17,274,685.63",08/02/2022,20523386469,20603476400,20602206085,,,,,,
3859,LA LIBERTAD,"9,142,457.35",25/11/2024,20605515739,20477156445,20482100580,,,,,,
3860,LA LIBERTAD,"65,239,223.83",08/11/2024,10417310245,20481966672,20481030146,20481265704,,,,,
3861,LA LIBERTAD,"27,389,936.59",31/10/2024,10413692518,20495875891,20544771478,20601488257,,,,,
3862,LA LIBERTAD,"47,454,180.89",31/10/2024,20525333923,20398604734,,,,,,,
3863,LA LIBERTAD,"5,493,238.17",25/10/2024,10167869667,20144691173,20354826799,,,,,,
3864,LA LIBERTAD,"121,515,740.82",11/10/2024,20134676508,20611394315,,,,,,,
3865,LA LIBERTAD,"22,122,219.12",01/10/2024,20100028698,,,,,,,,
3866,LA LIBERTAD,"9,472,688.33",30/09/2024,20481446326,,,,,,,,
3867,LA LIBERTAD,"9,099,028.23",18/09/2024,10103154931,20393340208,20602523129,,,,,,
3868,LA LIBERTAD,"3,000,105.87",16/09/2024,20481561265,,,,,,,,
3869,LA LIBERTAD,"33,209,731.94",27/08/2024,20544771478,20529656751,,,,,,,
3870,LA LIBERTAD,"5,493,238.17",23/08/2024,10267064780,20481561265,,,,,,,
3871,LA LIBERTAD,"10,854,478.35",08/08/2024,20440178147,10267064780,20481561265,,,,,,
3872,LA LIBERTAD,"5,081,483.25",08/08/2024,10426481915,20481475342,20602455085,,,,,,
3873,LA LIBERTAD,"21,150,199.71",05/08/2024,10405680888,20481146951,20477216952,,,,,,
3874,LA LIBERTAD,"5,896,305.50",05/08/2024,10167869667,20144691173,20354826799,,,,,,
3875,LA LIBERTAD,"3,915,525.30",24/07/2024,20481561265,,,,,,,,
3876,LA LIBERTAD,"124,339,289.71",22/07/2024,10453522542,20602842330,20537169207,,,,,,
3877,LA LIBERTAD,"9,761,437.31",19/07/2024,10404371865,20355337619,20482530592,,,,,,
3878,LA LIBERTAD,"11,745,245.75",15/07/2024,10179063455,20205328662,20601226279,,,,,,
3879,LA LIBERTAD,"5,391,747.09",15/07/2024,10179063455,20205328662,20601226279,,,,,,
3880,LA LIBERTAD,"18,668,569.73",10/07/2024,20494397090,20495042333,20494883865,,,,,,
3881,LA LIBERTAD,"5,469,534.65",10/07/2024,20539094930,,,,,,,,
3882,LA LIBERTAD,"113,221,041.73",25/06/2024,20536612972,20606265892,,,,,,,
3883,LA LIBERTAD,"3,000,105.87",04/06/2024,20355337619,,,,,,,,
3884,LA LIBERTAD,"2,695,048.64",24/05/2024,20438958771,,,,,,,,
3885,LA LIBERTAD,"3,083,413.19",22/04/2024,20205328662,20601226279,,,,,,,
3886,LA LIBERTAD,"4,816,807.08",11/04/2024,20481871027,,,,,,,,
3887,LA LIBERTAD,"1,932,539.42",08/04/2024,10421685253,,,,,,,,
3888,LA LIBERTAD,"2,368,871.49",05/04/2024,20354444594,,,,,,,,
3889,LA LIBERTAD,"6,307,734.96",08/03/2024,20496014686,20529656751,,,,,,,
4070,LAMBAYEQUE,"4,086,576.49",19/03/2021,20602235352,20487950301,,,,,,,
4088,LAMBAYEQUE,"6,815,785.22",16/09/2021,20526193513,,,,,,,,
4089,LAMBAYEQUE,"7,766,136.45",05/08/2021,20481813841,,,,,,,,
4090,LAMBAYEQUE,"4,993,121.07",04/08/2021,20568161786,20409234462,,,,,,,
4091,LAMBAYEQUE,"7,461,715.64",04/08/2021,20505655215,,,,,,,,
4092,LAMBAYEQUE,"316,694.32",16/07/2021,20479892998,,,,,,,,
4093,LAMBAYEQUE,"369,344.98",16/07/2021,20561274968,20602922368,,,,,,,
4094,LAMBAYEQUE,"18,642,037.91",13/07/2021,20348938704,,,,,,,,
4095,LAMBAYEQUE,"28,596,771.76",13/07/2021,20353947614,,,,,,,,
4096,LAMBAYEQUE,"15,622,437.48",28/06/2021,20353947614,,,,,,,,
4097,LAMBAYEQUE,"17,271,472.54",17/05/2021,20487913791,20545316561,,,,,,,
4098,LAMBAYEQUE,"3,315,145.47",08/04/2021,20480403496,,,,,,,,
4099,LAMBAYEQUE,"4,070,465.37",07/04/2021,20480686692,,,,,,,,
4100,LAMBAYEQUE,"2,380,160.07",30/03/2021,20487950301,,,,,,,,
4101,LAMBAYEQUE,"869,616.51",25/11/2022,20480489196,20487931854,,,,,,,
4102,LAMBAYEQUE,"6,967,961.77",22/11/2022,20481446326,,,,,,,,
4103,LAMBAYEQUE,"2,649,522.13",09/11/2022,20509186961,,,,,,,,
4104,LAMBAYEQUE,"30,105,507.82",26/07/2022,20487913791,20545316561,,,,,,,
4105,LAMBAYEQUE,"1,152,115.29",26/07/2022,20445576060,,,,,,,,
4106,LAMBAYEQUE,"760,536.33",17/06/2022,20561274968,,,,,,,,
4107,LAMBAYEQUE,"8,740,630.76",17/06/2022,20230509353,20480403496,,,,,,,
4108,LAMBAYEQUE,"4,874,876.37",16/06/2022,20230509353,20480403496,,,,,,,
4109,LAMBAYEQUE,"1,085,828.21",16/06/2022,20602922368,20561274968,,,,,,,
4110,LAMBAYEQUE,"1,477,687.85",16/06/2022,10166907271,,,,,,,,
4111,LAMBAYEQUE,"11,639,644.02",17/05/2022,20477366172,,,,,,,,
4112,LAMBAYEQUE,"5,213,526.19",04/03/2024,20540071595,20561126934,,,,,,,
4124,LAMBAYEQUE,"24,517,381.34",27/12/2024,20525333923,,,,,,,,
4125,LAMBAYEQUE,"174,809,224.21",19/12/2024,20517562158,20536612972,,,,,,,
4126,LAMBAYEQUE,"17,296,983.31",18/12/2024,20525909221,10164660775,,,,,,,
4127,LAMBAYEQUE,"3,879,542.68",11/12/2024,20491656761,,,,,,,,
4128,LAMBAYEQUE,"615,405.47",15/10/2024,20534166240,20604451648,,,,,,,
4129,LAMBAYEQUE,"2,045,166.70",15/10/2024,20600721179,,,,,,,,
4130,LAMBAYEQUE,"2,853,473.65",17/09/2024,20488351398,,,,,,,,
4131,LAMBAYEQUE,"1,747,297.94",10/09/2024,20607488003,20601642604,,,,,,,
4132,LAMBAYEQUE,"161,978,778.93",09/09/2024,99000035293,10164660775,,,,,,,
4133,LAMBAYEQUE,"2,552,724.98",03/09/2024,20542350033,20605524649,,,,,,,
4134,LAMBAYEQUE,"5,183,147.64",22/08/2024,20164843263,20571505488,,,,,,,
4135,LAMBAYEQUE,"2,188,628.16",02/07/2024,20539023323,20602126120,,,,,,,
4136,LAMBAYEQUE,"1,721,397.83",02/07/2024,20539023323,20602126120,,,,,,,
4137,LAMBAYEQUE,"344,831.45",13/06/2024,20487931854,,,,,,,,
4138,LAMBAYEQUE,"680,530.02",27/05/2024,20496149425,20560168994,,,,,,,
4139,LAMBAYEQUE,"3,766,395.56",17/05/2024,20495669301,20515422154,,,,,,,
4140,LAMBAYEQUE,"1,030,257.46",03/04/2024,20603025301,20604942480,,,,,,,
4141,LAMBAYEQUE,"11,242,770.50",02/04/2024,20491656761,,,,,,,,
4142,LAMBAYEQUE,"4,875,395.33",26/03/2024,20602698409,20480403496,,,,,,,
4143,LAMBAYEQUE,"9,322,636.48",11/03/2024,20602698409,20480403496,,,,,,,
4144,LAMBAYEQUE,"19,496,705.08",08/03/2024,20445200019,20542072637,,,,,,,
4145,LAMBAYEQUE,"680,530.02",06/03/2024,20496149425,20560168994,,,,,,,
4146,LAMBAYEQUE,"831,628.03",01/03/2024,20487698882,,,,,,,,
4147,LAMBAYEQUE,"14,208,238.45",28/02/2024,20480403496,,,,,,,,
4148,LAMBAYEQUE,"1,500,516.07",06/02/2024,20539023323,,,,,,,,
4149,LAMBAYEQUE,"957,249.28",06/02/2024,20539023323,,,,,,,,
4150,LAMBAYEQUE,"2,663,076.65",06/02/2024,20600721179,,,,,,,,
4151,LAMBAYEQUE,"2,067,436.93",06/02/2024,20561126934,20495973981,,,,,,,
4670,LIMA,"1,525,881.21",01/03/2022,20534094079,,,,,,,,
4671,LIMA,"4,369,691.94",21/12/2021,20602076882,20600721179,,,,,,,
4672,LIMA,"3,431,360.00",29/10/2021,20607462403,20533990615,20541653156,,,,,,
4673,LIMA,"8,630,713.19",29/09/2021,20603550677,20407917104,20445200019,,,,,,
4674,LIMA,"1,525,881.21",10/09/2021,20534094079,,,,,,,,
4675,LIMA,"4,369,691.94",09/09/2021,20602076882,20600721179,,,,,,,
4676,LIMA,"3,552,648.29",21/06/2021,20600386981,20603550677,20408135517,,,,,,
4677,LIMA,"1,580,777.11",30/04/2021,20532064768,20231662244,,,,,,,
4678,LIMA,"9,829,308.20",25/03/2021,20407917104,20523386469,,,,,,,
4679,LIMA,"889,609.10",18/02/2021,20494682703,,,,,,,,
4680,LIMA,"9,446,165.05",24/11/2022,20556414123,,,,,,,,
4681,LIMA,"2,357,557.19",07/11/2022,20536704231,,,,,,,,
4682,LIMA,"1,770,122.65",27/10/2022,20529032464,,,,,,,,
4683,LIMA,"942,490.45",25/10/2022,20604654531,20489688990,,,,,,,
4684,LIMA,"2,095,516.74",10/10/2022,10076160312,10103454731,,,,,,,
4685,LIMA,"8,228,418.65",10/10/2022,20600046218,20523386469,,,,,,,
4686,LIMA,"1,314,949.18",03/10/2022,10103454731,,,,,,,,
4687,LIMA,"498,551.54",25/07/2022,20531049838,20542154366,,,,,,,
4688,LIMA,"2,509,151.26",23/06/2022,20531897251,20231662244,,,,,,,
4689,LIMA,"5,743,985.49",18/05/2022,20600362161,20601955165,,,,,,,
4690,LIMA,"167,087.00",16/05/2022,20542154366,,,,,,,,
4691,LIMA,"4,260,229.65",11/05/2022,20600021045,20600160347,,,,,,,
4692,LIMA,"3,134,025.31",06/05/2022,10103454731,,,,,,,,
4693,LIMA,"6,877,311.64",28/04/2022,20494686369,20491331543,,,,,,,
4694,LIMA,"19,839,172.86",11/04/2022,20407917104,20445200019,20603550677,,,,,,
4695,LIMA,"23,697,875.44",05/04/2022,20393675480,20601263158,20600377818,,,,,,
4696,LIMA,"21,873,073.89",28/02/2022,20603550677,20603476400,20523386469,,,,,,
4697,LIMA,"5,443,984.71",13/02/2024,20531808763,20445200019,,,,,,,
4722,LIMA,"11,413,649.67",27/12/2024,20516419572,20603234279,,,,,,,
4723,LIMA,"7,402,131.78",27/12/2024,20509958875,20602747868,,,,,,,
4724,LIMA,"1,671,314.20",20/12/2024,20607057355,20604488681,,,,,,,
4725,LIMA,"1,808,222.76",12/12/2024,20445558592,,,,,,,,
4726,LIMA,"12,896,448.22",03/12/2024,20486990903,20600029798,,,,,,,
4727,LIMA,"312,708.14",03/12/2024,20531049838,20604903328,,,,,,,
4728,LIMA,"1,393,121.52",15/11/2024,20546813569,20516419572,,,,,,,
4729,LIMA,"2,230,452.30",14/11/2024,20491358077,20611325739,,,,,,,
4730,LIMA,"1,709,615.95",13/11/2024,20534016949,,,,,,,,
4731,LIMA,"23,268,269.07",07/11/2024,20445200019,20600433050,,,,,,,
4732,LIMA,"2,673,016.85",06/11/2024,20600129938,20408010498,,,,,,,
4733,LIMA,"2,128,712.18",29/10/2024,20534861185,20600441001,,,,,,,
4734,LIMA,"1,671,314.20",09/10/2024,20521479991,20537185661,,,,,,,
4735,LIMA,"1,954,201.92",03/10/2024,20543604951,20502496035,,,,,,,
4736,LIMA,"1,821,254.07",03/10/2024,20393667894,20608472208,,,,,,,
4737,LIMA,"14,710,743.23",27/09/2024,20534002646,20531065019,20604421633,,,,,,
4738,LIMA,"1,808,222.77",27/09/2024,20486976404,20568778198,,,,,,,
4739,LIMA,"2,570,066.75",25/09/2024,20601597773,,,,,,,,
4740,LIMA,"2,251,688.92",25/09/2024,20603234279,20533652213,,,,,,,
4741,LIMA,"15,991,428.13",24/09/2024,20561206539,20529202998,,,,,,,
4742,LIMA,"826,546.11",24/09/2024,20609067552,20542059291,,,,,,,
4743,LIMA,"2,519,638.71",23/09/2024,20606580437,20486743302,,,,,,,
4744,LIMA,"413,474.24",19/09/2024,20482435417,,,,,,,,
4745,LIMA,"2,031,400.53",18/09/2024,20514405442,,,,,,,,
4746,LIMA,"2,488,843.15",13/09/2024,20481456712,,,,,,,,
4747,LIMA,"1,681,190.18",13/09/2024,20298049822,,,,,,,,
4748,LIMA,"1,240,931.78",10/09/2024,20603234279,20533652213,,,,,,,
4749,LIMA,"3,916,070.86",03/09/2024,20601324491,20559507769,,,,,,,
4750,LIMA,"11,050,794.08",16/08/2024,20515485318,20533974415,,,,,,,
4751,LIMA,"2,461,209.67",26/07/2024,20534179571,,,,,,,,
4752,LIMA,"4,982,111.65",25/07/2024,20602480357,20533652213,,,,,,,
4753,LIMA,"4,426,976.16",22/07/2024,20506003351,,,,,,,,
4754,LIMA,"4,699,790.44",19/07/2024,20489536979,20600813804,,,,,,,
4755,LIMA,"2,031,400.52",02/07/2024,20486743302,20541546660,,,,,,,
4756,LIMA,"6,197,044.84",01/07/2024,20604421633,20603812388,,,,,,,
4757,LIMA,"8,750,828.34",24/06/2024,20523386469,20600433050,,,,,,,
4758,LIMA,"968,493.74",20/06/2024,20602932771,20531857381,,,,,,,
4759,LIMA,"807,981.64",19/06/2024,20600373871,20542059291,,,,,,,
4760,LIMA,"1,399,191.40",17/06/2024,20542191059,20604488681,,,,,,,
4761,LIMA,"19,508,893.63",11/06/2024,20571395283,20600615581,,,,,,,
4762,LIMA,"2,074,970.92",10/06/2024,20568778198,20486976404,,,,,,,
4763,LIMA,"7,934,813.61",30/05/2024,20514405442,,,,,,,,
4764,LIMA,"5,168,230.85",27/05/2024,20606792752,20517785530,,,,,,,
4765,LIMA,"3,060,439.62",24/05/2024,20552839073,,,,,,,,
4766,LIMA,"1,250,829.54",17/05/2024,20489739900,20601831717,,,,,,,
4767,LIMA,"56,768,649.20",10/05/2024,20489304687,20529066521,,,,,,,
4768,LIMA,"2,461,209.67",09/05/2024,20514405442,,,,,,,,
4769,LIMA,"1,557,189.08",08/05/2024,20603234279,20495031137,,,,,,,
4770,LIMA,"2,589,168.43",07/05/2024,20507991662,20605324151,,,,,,,
4771,LIMA,"8,041,777.37",07/05/2024,20549823565,,,,,,,,
4772,LIMA,"1,107,343.98",18/04/2024,20481456712,,,,,,,,
4773,LIMA,"1,451,677.70",02/04/2024,20502496035,20600441001,,,,,,,
4774,LIMA,"1,199,982.79",02/04/2024,20502322711,20393340208,,,,,,,
4775,LIMA,"5,788,093.59",02/04/2024,20529202998,20495031137,,,,,,,
4776,LIMA,"4,192,581.18",15/03/2024,20300116192,20602164986,,,,,,,
4777,LIMA,"1,060,402.69",12/03/2024,20495031137,20603234279,,,,,,,
4778,LIMA,"817,444.23",07/02/2024,20515422154,20484107239,,,,,,,
4779,LIMA,"988,931.24",31/01/2024,20514405442,,,,,,,,
5148,LORETO,"9,430,000.00",23/12/2021,20600898800,20528115897,,,,,,,
5149,LORETO,"610,700.00",17/12/2021,20541181556,,,,,,,,
5150,LORETO,"1,096,173.84",16/12/2021,20541181556,,,,,,,,
5151,LORETO,"11,677,923.37",23/11/2021,20393633990,,,,,,,,
5152,LORETO,"1,099,074.83",19/11/2021,20531396635,10053878488,,,,,,,
5153,LORETO,"41,400,000.00",27/10/2021,20528115897,,,,,,,,
5154,LORETO,"2,250,000.00",20/08/2021,20493748018,20567140220,,,,,,,
5155,LORETO,"2,350,000.00",16/08/2021,20567140220,20601202574,,,,,,,
5156,LORETO,"7,114,813.94",06/07/2021,20451375548,,,,,,,,
5157,LORETO,"31,300,000.00",08/06/2021,20528181334,20528255982,20602078788,,,,,,
5158,LORETO,"2,132,192.69",11/05/2021,20451375548,20528428755,,,,,,,
5159,LORETO,"3,581,282.61",29/04/2021,20393358247,20600114965,,,,,,,
5160,LORETO,"4,932,500.00",16/04/2021,20493874587,,,,,,,,
5161,LORETO,"23,898,670.63",26/03/2021,20493874587,20393633990,,,,,,,
5162,LORETO,"34,632,857.93",23/03/2021,20528255982,20493606736,,,,,,,
5163,LORETO,"9,722,359.88",22/03/2021,20489627770,20450256243,,,,,,,
5164,LORETO,"9,778,766.04",17/03/2021,20393584336,,,,,,,,
5165,LORETO,"79,683,530.71",22/02/2021,20542531097,20489304687,20529066521,,,,,,
5169,LORETO,"77,892,436.16",21/12/2022,20528115897,,,,,,,,
5170,LORETO,"45,713,342.42",19/12/2022,20103921288,20567140220,,,,,,,
5171,LORETO,"425,163.35",12/12/2022,20528481991,20528323571,,,,,,,
5172,LORETO,"1,541,201.29",07/12/2022,20531396635,,,,,,,,
5173,LORETO,"935,875.48",29/11/2022,20606258837,20528476300,,,,,,,
5174,LORETO,"1,200,284.74",25/11/2022,20541181556,,,,,,,,
5175,LORETO,"439,541.70",23/11/2022,20393633990,20393644509,,,,,,,
5176,LORETO,"2,599,082.30",17/11/2022,20572260217,20531396635,,,,,,,
5177,LORETO,"4,521,006.88",16/11/2022,20493874587,20601740797,,,,,,,
5178,LORETO,"21,329,870.58",11/11/2022,20393706628,,,,,,,,
5179,LORETO,"1,202,256.85",11/11/2022,20493640322,20608845934,,,,,,,
5180,LORETO,"2,256,000.01",10/11/2022,20351988143,,,,,,,,
5181,LORETO,"3,768,105.40",04/11/2022,20541243250,20493747399,,,,,,,
5182,LORETO,"1,271,044.00",28/10/2022,20392307045,20607715425,,,,,,,
5183,LORETO,"13,324,231.05",27/10/2022,20393633990,,,,,,,,
5184,LORETO,"16,088,290.78",27/10/2022,20528162895,,,,,,,,
5185,LORETO,"943,758.08",30/09/2022,20567237061,20493231236,,,,,,,
5186,LORETO,"1,052,434.02",30/09/2022,20567237061,20528481991,,,,,,,
5187,LORETO,"556,821.98",29/09/2022,20523070071,20528476300,,,,,,,
5188,LORETO,"4,026,958.34",29/09/2022,20567237061,20571135885,,,,,,,
5189,LORETO,"5,502,227.49",28/09/2022,20393633990,,,,,,,,
5190,LORETO,"2,653,703.10",27/09/2022,20567237061,20103921288,,,,,,,
5191,LORETO,"6,566,488.68",23/09/2022,20493538633,,,,,,,,
5192,LORETO,"4,985,602.91",21/09/2022,20528383808,20393633990,,,,,,,
5193,LORETO,"15,850,000.00",12/09/2022,20528115897,,,,,,,,
5194,LORETO,"6,365,518.01",02/09/2022,20450252418,20600421353,,,,,,,
5195,LORETO,"59,679,472.17",12/08/2022,20541261401,20528255982,,,,,,,
5196,LORETO,"26,683,823.24",02/08/2022,20393633990,,,,,,,,
5197,LORETO,"1,460,734.19",21/07/2022,20531396635,,,,,,,,
5198,LORETO,"2,250,245.94",28/06/2022,20393877431,20528457691,,,,,,,
5199,LORETO,"2,714,549.94",14/06/2022,20493231236,20493644824,,,,,,,
5200,LORETO,"3,555,425.07",18/05/2022,20567237061,20103921288,,,,,,,
5201,LORETO,"11,213,864.45",06/05/2022,20567140220,20528181334,,,,,,,
5202,LORETO,"5,845,000.00",06/05/2022,20528115897,,,,,,,,
5203,LORETO,"2,030,000.00",05/05/2022,20572123228,20450157008,,,,,,,
5204,LORETO,"5,880,550.87",22/04/2022,20528181334,20528383808,,,,,,,
5205,LORETO,"9,900,000.00",16/03/2022,20529234504,20604346011,20489747244,,,,,,
5206,LORETO,"1,332,895.03",03/03/2022,20493644824,20103921288,,,,,,,
5207,LORETO,"1,600,000.00",25/02/2022,20493874587,20494100429,,,,,,,
5238,LORETO,"11,093,572.15",27/12/2024,20559937691,,,,,,,,
5239,LORETO,"6,085,067.18",26/12/2024,20493733096,20611139684,,,,,,,
5240,LORETO,"14,000,000.00",26/12/2024,20393758423,20493477405,20393973669,,,,,,
5241,LORETO,"4,583,869.87",26/12/2024,20493874587,20493543122,,,,,,,
5242,LORETO,"22,357,711.60",26/12/2024,20493537742,20493870751,,,,,,,
5243,LORETO,"25,295,000.00",19/12/2024,20567140220,20493733096,,,,,,,
5244,LORETO,"130,535,000.00",13/12/2024,20528115897,,,,,,,,
5245,LORETO,"6,132,617.02",12/12/2024,20494686369,20529089571,,,,,,,
5246,LORETO,"26,875,820.24",12/12/2024,20559937691,20493537742,,,,,,,
5247,LORETO,"18,026,614.00",11/12/2024,20493747399,20567140220,,,,,,,
5248,LORETO,"27,238,762.74",04/12/2024,20541261401,20528255982,,,,,,,
5249,LORETO,"20,433,858.70",28/11/2024,20493537742,20531396635,,,,,,,
5250,LORETO,"12,457,589.99",27/11/2024,20528149953,20399273146,,,,,,,
5251,LORETO,"45,677,395.00",21/11/2024,20610618015,20451375548,20528181334,,,,,,
5252,LORETO,"4,443,000.00",18/11/2024,20601693659,20528115897,,,,,,,
5253,LORETO,"31,250,000.00",12/11/2024,20450402592,20493537742,,,,,,,
5254,LORETO,"348,000.00",11/11/2024,20493231236,20493589891,,,,,,,
5255,LORETO,"1,985,617.23",05/11/2024,20610436499,20601324491,,,,,,,
5256,LORETO,"2,273,272.12",04/11/2024,20528149953,20601131367,,,,,,,
5257,LORETO,"574,561.80",30/10/2024,20602797016,20612633917,,,,,,,
5258,LORETO,"1,199,000.00",24/10/2024,20393973669,20600182693,20541653156,,,,,,
5259,LORETO,"1,258,000.01",23/10/2024,20600182693,20541653156,20393973669,,,,,,
5260,LORETO,"1,222,000.00",23/10/2024,20600182693,20541653156,20393973669,,,,,,
5261,LORETO,"1,210,000.00",22/10/2024,20393725509,20601911915,20541653156,,,,,,
5262,LORETO,"1,234,000.00",22/10/2024,20601911915,20541653156,20393725509,,,,,,
5263,LORETO,"6,321,896.75",03/10/2024,20450296628,20600002717,,,,,,,
5264,LORETO,"16,520,978.41",01/10/2024,20393633990,,,,,,,,
5265,LORETO,"3,538,491.24",01/10/2024,20608845934,20493640322,,,,,,,
5266,LORETO,"9,213,444.56",11/09/2024,20493644824,20103921288,20451375548,,,,,,
5267,LORETO,"5,686,694.11",10/09/2024,20541112660,20528388869,,,,,,,
5268,LORETO,"13,871,067.28",20/08/2024,20541243250,20528457691,,,,,,,
5269,LORETO,"5,707,460.00",17/07/2024,20393706628,,,,,,,,
5270,LORETO,"4,321,288.39",27/06/2024,20528457691,20493747399,,,,,,,
5271,LORETO,"59,100,000.00",21/06/2024,20528115897,,,,,,,,
5272,LORETO,"22,765,558.01",21/06/2024,20393633990,,,,,,,,
5273,LORETO,"2,671,181.35",12/06/2024,20601282063,20559937691,,,,,,,
5274,LORETO,"16,100,000.00",10/06/2024,20531302321,20450402592,,,,,,,
5275,LORETO,"14,450,000.00",30/05/2024,20528115897,,,,,,,,
5276,LORETO,"814,903.92",27/05/2024,20601944384,20541143549,,,,,,,
5277,LORETO,"36,003,076.50",21/05/2024,20393633990,,,,,,,,
5278,LORETO,"240,784.68",14/05/2024,20528457691,,,,,,,,
5279,LORETO,"715,000.00",26/04/2024,20393973669,20393877431,,,,,,,
5280,LORETO,"630,000.00",26/04/2024,20567287247,20393877431,,,,,,,
5281,LORETO,"592,000.00",25/04/2024,20393877431,20567287247,,,,,,,
5282,LORETO,"42,980,332.86",19/04/2024,20603476400,20523013603,20600409311,,,,,,
5283,LORETO,"10,478,074.94",17/04/2024,20450905152,20493644824,20567237061,,,,,,
5284,LORETO,"3,810,000.00",17/04/2024,20601202574,20600523571,20493748018,,,,,,
5285,LORETO,"1,776,911.56",16/04/2024,20232650444,20528476300,,,,,,,
5286,LORETO,"2,420,500.00",19/03/2024,20451375548,20493538633,,,,,,,
5287,LORETO,"22,079,443.18",07/03/2024,20528115897,20572288901,,,,,,,
5288,LORETO,"5,533,223.10",05/03/2024,20567237061,20494100429,,,,,,,
5289,LORETO,"1,803,363.90",28/02/2024,20450186440,20542301172,,,,,,,
5290,LORETO,"500,678.30",16/02/2024,20608845934,20493640322,,,,,,,
5291,LORETO,"33,473,128.61",08/02/2024,20493874587,20393633990,,,,,,,
5320,MADRE DE DIOS,"26,714,389.19",18/10/2022,20492123057,20450252418,,,,,,,
5321,MADRE DE DIOS,"1,080,000.00",07/09/2022,20489627770,20606236892,,,,,,,
5322,MADRE DE DIOS,"2,486,181.65",01/08/2022,20450252418,,,,,,,,
5323,MADRE DE DIOS,"3,244,402.67",18/05/2022,20605665196,20450299139,,,,,,,
5324,MADRE DE DIOS,"13,997,394.49",11/04/2022,20450299139,20600421353,,,,,,,
5649,PASCO,"87,979,956.18",06/10/2021,20486783606,20600977661,,,,,,,
5650,PASCO,"7,570,346.90",25/06/2021,20573212020,20489682363,20600819331,,,,,,
5651,PASCO,"27,059,460.57",18/06/2021,20534029927,20456317376,20344483702,,,,,,
5652,PASCO,"494,524.21",12/05/2021,20529230851,,,,,,,,
5653,PASCO,"7,570,346.90",20/04/2021,20600819331,20489682363,,,,,,,
5654,PASCO,"1,543,636.52",17/02/2021,20486867290,20600079787,,,,,,,
5655,PASCO,"2,733,855.21",28/11/2022,20533976540,20571244153,,,,,,,
5656,PASCO,"1,370,596.41",25/11/2022,20528953086,20571288363,20486834529,,,,,,
5657,PASCO,"1,665,690.00",24/11/2022,20528901361,20604694621,,,,,,,
5658,PASCO,"757,788.51",23/11/2022,20573098731,20604520062,,,,,,,
5659,PASCO,"3,340,106.29",18/11/2022,20489430399,20606797533,,,,,,,
5660,PASCO,"26,269,353.54",10/11/2022,20489544998,20529186429,,,,,,,
5661,PASCO,"26,232,738.40",10/11/2022,20514402346,20529166151,20528901361,,,,,,
5662,PASCO,"831,361.53",04/11/2022,20489423775,,,,,,,,
5663,PASCO,"2,622,253.38",28/10/2022,20541541439,20489522242,,,,,,,
5664,PASCO,"1,377,155.25",28/10/2022,20529068655,20609789621,,,,,,,
5665,PASCO,"800,272.41",27/10/2022,20489748054,20542471337,,,,,,,
5666,PASCO,"682,009.66",26/10/2022,20573098731,20604520062,,,,,,,
5667,PASCO,"3,656,048.53",24/10/2022,20486975939,,,,,,,,
5668,PASCO,"1,501,112.74",12/10/2022,20573098731,20551950990,,,,,,,
5669,PASCO,"1,473,990.59",11/10/2022,20547097069,20608946889,,,,,,,
5670,PASCO,"5,964,254.76",06/10/2022,20541559214,20569048916,20604977411,,,,,,
5671,PASCO,"5,926,870.15",05/10/2022,20517623394,20486513137,,,,,,,
5672,PASCO,"4,254,745.73",05/10/2022,20517623394,20486513137,,,,,,,
5673,PASCO,"2,872,456.80",27/09/2022,20489537274,20529137720,,,,,,,
5674,PASCO,"3,899,218.79",31/08/2022,20529202998,20604063290,,,,,,,
5675,PASCO,"2,133,600.54",04/08/2022,20529230851,20528901361,,,,,,,
5676,PASCO,"2,877,771.63",22/07/2022,20539807162,20568894180,,,,,,,
5677,PASCO,"1,688,833.05",21/07/2022,20600592786,20603194676,,,,,,,
5678,PASCO,"4,064,331.12",20/07/2022,20489739900,20528917951,,,,,,,
5679,PASCO,"2,040,678.54",13/07/2022,20489739900,20542577836,,,,,,,
5680,PASCO,"2,194,661.17",13/07/2022,20489585325,,,,,,,,
5681,PASCO,"3,656,846.83",07/07/2022,20450519783,20571244153,,,,,,,
5682,PASCO,"3,001,084.67",07/07/2022,20489536979,20528917951,,,,,,,
5683,PASCO,"14,112,463.26",23/06/2022,20604553947,20489537274,20489739900,,,,,,
5684,PASCO,"17,291,800.28",07/06/2022,20568235810,20486960401,,,,,,,
5685,PASCO,"522,509.76",03/06/2022,20529111259,20489536979,,,,,,,
5686,PASCO,"2,040,678.54",30/05/2022,20489536979,20542577836,,,,,,,
5687,PASCO,"1,770,325.28",25/05/2022,20489544998,20542451735,,,,,,,
5688,PASCO,"694,258.05",24/05/2022,20487065502,20486397714,,,,,,,
5689,PASCO,"2,200,404.22",19/05/2022,20489537274,20604441103,,,,,,,
5690,PASCO,"20,377,545.67",28/01/2022,20489466741,20528924221,,,,,,,
5706,PASCO,"1,485,554.13",27/12/2024,20573333081,20603919395,,,,,,,
5707,PASCO,"14,032,438.44",27/12/2024,20486845725,20529068655,,,,,,,
5708,PASCO,"6,573,767.86",27/12/2024,20489747244,20603013540,20604906475,,,,,,
5709,PASCO,"3,135,354.64",27/12/2024,20573098731,20613377205,,,,,,,
5710,PASCO,"2,974,269.41",26/12/2024,20446927753,,,,,,,,
5711,PASCO,"30,381,224.98",20/12/2024,10324057035,20571395283,,,,,,,
5712,PASCO,"14,878,581.52",20/12/2024,20407836872,20573225199,,,,,,,
5713,PASCO,"11,999,999.20",19/12/2024,20600967496,20603549261,20446927753,,,,,,
5714,PASCO,"4,097,848.78",19/12/2024,20529215038,20613220004,,,,,,,
5715,PASCO,"14,491,721.72",17/12/2024,20571395283,20603398573,,,,,,,
5716,PASCO,"13,537,398.28",13/12/2024,20611372338,20494951020,,,,,,,
5717,PASCO,"15,262,141.86",03/12/2024,10411982438,20529068655,20529111259,,,,,,
5718,PASCO,"475,761,000.00",28/11/2024,20600099541,20602581234,20605286306,,,,,,
5719,PASCO,"13,039,949.14",05/11/2024,20489626706,20529033274,,,,,,,
5720,PASCO,"61,586,496.22",04/11/2024,20608077163,20601771641,,,,,,,
5721,PASCO,"6,938,400.97",29/10/2024,20506298301,20600119703,,,,,,,
5722,PASCO,"3,084,735.78",29/10/2024,20529030330,20528973516,,,,,,,
5723,PASCO,"43,732,711.12",29/10/2024,20601771641,20608077163,,,,,,,
5724,PASCO,"19,573,864.36",29/10/2024,20393675480,20602486894,,,,,,,
5725,PASCO,"6,079,940.99",17/10/2024,20489650674,20489537436,,,,,,,
5726,PASCO,"5,249,535.69",16/10/2024,20489684145,20529215038,,,,,,,
5727,PASCO,"15,542,657.01",03/10/2024,20407836872,20573225199,,,,,,,
5728,PASCO,"13,048,000.00",01/10/2024,20608077163,20529202998,,,,,,,
5729,PASCO,"5,176,505.49",26/09/2024,20529068655,20573338554,,,,,,,
5730,PASCO,"2,718,147.42",10/09/2024,20486975939,20573144946,,,,,,,
5731,PASCO,"12,818,000.00",03/09/2024,20528932321,20602640079,,,,,,,
5732,PASCO,"14,475,787.55",26/06/2024,20573225199,20407836872,,,,,,,
5733,PASCO,"4,590,925.82",26/06/2024,20603641834,20568073658,,,,,,,
5734,PASCO,"2,505,525.33",23/05/2024,20601277078,20542489627,,,,,,,
5735,PASCO,"5,007,277.15",22/05/2024,20604695067,20407836872,,,,,,,
5736,PASCO,"14,475,787.55",21/05/2024,20573225199,20407836872,,,,,,,
5737,PASCO,"2,594,012.27",07/05/2024,20542350033,20600592786,,,,,,,
5738,PASCO,"1,242,212.86",06/05/2024,20573066619,20489594235,,,,,,,
5739,PASCO,"2,691,067.54",30/04/2024,20528901361,20600630963,,,,,,,
5740,PASCO,"9,115,485.50",17/04/2024,10805536867,20605875778,,,,,,,
5741,PASCO,"2,698,763.65",02/04/2024,20529066521,20600079493,,,,,,,
5742,PASCO,"471,388,207.42",22/03/2024,99000035293,20495931472,,,,,,,
6107,PIURA,"15,608,857.89",20/04/2022,20530091075,20526146191,,,,,,,
6108,PIURA,"9,562,023.74",30/11/2021,20477366172,20600625498,,,,,,,
6109,PIURA,"2,323,340.01",12/11/2021,20528964878,,,,,,,,
6110,PIURA,"4,557,232.96",22/10/2021,20530091075,20530035671,,,,,,,
6111,PIURA,"17,034,789.85",05/10/2021,20526146191,20483851171,,,,,,,
6112,PIURA,"5,475,419.26",10/09/2021,20525491677,,,,,,,,
6113,PIURA,"47,683,933.54",18/06/2021,20477150242,20275449751,,,,,,,
6114,PIURA,"2,557,092.26",17/06/2021,20440577947,20483778075,,,,,,,
6115,PIURA,"1,596,955.08",04/05/2021,20526331762,20525985751,,,,,,,
6116,PIURA,"497,597.52",04/05/2021,20525985751,,,,,,,,
6117,PIURA,"3,075,134.74",19/03/2021,20491656761,,,,,,,,
6118,PIURA,"50,298,232.54",19/02/2021,20357499691,,,,,,,,
6119,PIURA,"39,564,528.71",20/01/2021,20426128803,20600456467,,,,,,,
6120,PIURA,"7,943,129.47",27/12/2022,20526331762,20526090111,,,,,,,
6121,PIURA,"145,038.29",04/11/2022,20526323581,20530192262,,,,,,,
6122,PIURA,"85,328.10",04/11/2022,20606584653,,,,,,,,
6123,PIURA,"239,347.51",04/11/2022,20484104302,,,,,,,,
6124,PIURA,"126,662.60",04/11/2022,20605845101,,,,,,,,
6125,PIURA,"217,493.50",04/11/2022,20605845101,,,,,,,,
6126,PIURA,"236,485.44",04/11/2022,20399546487,,,,,,,,
6127,PIURA,"26,588,165.46",03/11/2022,20526090111,20525491677,,,,,,,
6128,PIURA,"5,451,607.53",21/10/2022,20525975950,20602350364,,,,,,,
6129,PIURA,"2,680,198.87",27/09/2022,20525441220,,,,,,,,
6130,PIURA,"566,890.04",08/07/2022,20530147127,20602773133,,,,,,,
6131,PIURA,"9,131,235.70",07/07/2022,20488077717,20606291729,,,,,,,
6132,PIURA,"30,619,950.94",06/07/2022,20357499691,,,,,,,,
6133,PIURA,"6,197,740.43",06/07/2022,20102428197,,,,,,,,
6134,PIURA,"55,125,034.78",30/05/2022,20353947614,,,,,,,,
6135,PIURA,"541,666.22",27/05/2022,20525526721,,,,,,,,
6136,PIURA,"33,812,421.49",11/05/2022,20357499691,,,,,,,,
6137,PIURA,"9,167,314.93",19/04/2022,20526146191,20525975950,20530091075,,,,,,
6138,PIURA,"4,715,182.94",01/04/2022,20526331762,,,,,,,,
6139,PIURA,"601,835.08",17/03/2022,20445667618,20605474960,,,,,,,
6157,PIURA,"9,418,083.16",21/11/2024,20605547436,,,,,,,,
6158,PIURA,"262,753,036.65",19/11/2024,20600419839,,,,,,,,
6159,PIURA,"39,874,154.15",04/11/2024,20526201478,20526146191,,,,,,,
6160,PIURA,"10,956,396.85",25/10/2024,20261295246,,,,,,,,
6161,PIURA,"6,024,993.82",21/10/2024,20605622080,,,,,,,,
6162,PIURA,"5,514,112.54",13/09/2024,20600085841,,,,,,,,
6163,PIURA,"17,254,894.19",10/09/2024,20526201478,20600085841,,,,,,,
6164,PIURA,"5,615,482.60",02/09/2024,20339480932,20525637639,,,,,,,
6165,PIURA,"84,591,320.20",28/08/2024,20525491677,20526203501,20526201478,,,,,,
6166,PIURA,"20,257,049.71",19/08/2024,20530036481,10176407471,,,,,,,
6167,PIURA,"5,757,812.41",15/07/2024,20530091075,20526652135,,,,,,,
6168,PIURA,"14,077,053.50",09/07/2024,20154727826,,,,,,,,
6169,PIURA,"335,858,713.31",09/07/2024,20526032854,20529940395,20533651918,,,,,,
6170,PIURA,"32,376,634.42",10/06/2024,20526032854,,,,,,,,
6171,PIURA,"4,040,506.62",29/05/2024,20605435077,20530091075,,,,,,,
6172,PIURA,"2,837,811.00",29/05/2024,20529966351,20480188404,,,,,,,
6173,PIURA,"286,708.21",12/04/2024,20605622080,,,,,,,,
6174,PIURA,"2,855,232.52",19/03/2024,20274419637,20608080784,,,,,,,
6175,PIURA,"6,739,437.93",06/03/2024,20600480996,20526657871,20602951830,,,,,,
6176,PIURA,"10,925,739.63",01/03/2024,20525822029,,,,,,,,
6196,PUNO,"7,652,879.09",30/11/2021,20542703483,20448562396,,,,,,,
6197,PUNO,"29,724,937.99",23/11/2021,20447677831,20448562396,,,,,,,
6198,PUNO,"30,977,956.16",18/11/2021,20486960401,20448497047,,,,,,,
6199,PUNO,"840,270.67",18/02/2021,20448307523,,,,,,,,
6200,PUNO,"4,815,160.75",12/07/2022,20232650444,20448053599,,,,,,,
6201,PUNO,"2,089,633.20",12/07/2022,20447845211,20448053599,,,,,,,
6202,PUNO,"39,288,897.11",12/07/2022,20384753125,20461112227,,,,,,,
6205,PUNO,"202,816,080.03",27/12/2024,20602241671,20536612972,,,,,,,
6206,PUNO,"58,573,648.50",11/11/2024,20518145763,20106758477,,,,,,,
6375,SAN MARTIN,"445,646.59",30/12/2021,20601456070,,,,,,,,
6376,SAN MARTIN,"531,496.84",03/12/2021,20600453565,20603358504,,,,,,,
6377,SAN MARTIN,"951,444.34",01/12/2021,20489174023,,,,,,,,
6378,SAN MARTIN,"11,074,101.37",08/11/2021,20542330512,20489747244,,,,,,,
6379,SAN MARTIN,"2,885,088.66",27/10/2021,20542374218,,,,,,,,
6380,SAN MARTIN,"29,970,588.57",14/10/2021,20542374218,20450324184,,,,,,,
6381,SAN MARTIN,"2,497,430.00",12/10/2021,20477366172,20600179714,,,,,,,
6382,SAN MARTIN,"406,274.97",07/10/2021,20572218369,20572250505,,,,,,,
6383,SAN MARTIN,"493,000.00",18/05/2021,20542312450,,,,,,,,
6384,SAN MARTIN,"1,900,100.00",25/11/2022,20450186440,20450326713,,,,,,,
6385,SAN MARTIN,"1,028,900.00",26/10/2022,20450326713,,,,,,,,
6386,SAN MARTIN,"221,419.04",21/09/2022,20607046175,20494015740,,,,,,,
6387,SAN MARTIN,"393,032.33",21/09/2022,20494015740,20600505557,,,,,,,
6388,SAN MARTIN,"256,500,000.00",20/09/2022,20533651918,20450278051,20600683650,,,,,,
6389,SAN MARTIN,"28,780,000.00",09/08/2022,20450278051,,,,,,,,
6390,SAN MARTIN,"351,754.68",09/08/2022,20542247453,20601638488,20450119254,,,,,,
6391,SAN MARTIN,"184,767.99",01/07/2022,20450299139,,,,,,,,
6392,SAN MARTIN,"31,427,173.70",21/06/2022,20452477671,20560034289,,,,,,,
6393,SAN MARTIN,"35,760,000.00",21/06/2022,20450312259,,,,,,,,
6394,SAN MARTIN,"464,999.58",16/06/2022,20601456070,,,,,,,,
6395,SAN MARTIN,"83,000.00",16/06/2022,20542312450,,,,,,,,
6396,SAN MARTIN,"211,147.89",06/06/2022,20393885531,20602206174,,,,,,,
6397,SAN MARTIN,"15,444,676.17",24/05/2022,20493537742,20601123844,20528350462,,,,,,
6398,SAN MARTIN,"231,000.00",18/05/2022,20603282265,,,,,,,,
6399,SAN MARTIN,"14,119,507.98",17/05/2022,20452477671,20560034289,,,,,,,
6400,SAN MARTIN,"938,547.01",28/04/2022,20572185924,20604718598,,,,,,,
6401,SAN MARTIN,"11,104,546.34",22/04/2022,20450119254,,,,,,,,
6402,SAN MARTIN,"8,645,000.00",18/03/2022,20450326713,,,,,,,,
6403,SAN MARTIN,"180,900.00",17/03/2022,20393885531,20494079713,,,,,,,
6404,SAN MARTIN,"3,545,230.97",17/03/2022,20450312259,20601139457,,,,,,,
6405,SAN MARTIN,"447,633.47",16/03/2022,20531599404,,,,,,,,
6406,SAN MARTIN,"7,625,076.49",04/02/2022,20477150242,,,,,,,,
6407,SAN MARTIN,"12,150,000.00",04/02/2022,20450278051,20493975421,,,,,,,
6408,SAN MARTIN,"11,980,000.00",03/02/2022,20542330512,20450299139,,,,,,,
6409,SAN MARTIN,"7,400,242.13",03/02/2022,20547581891,20363610936,,,,,,,
6410,SAN MARTIN,"245,630,000.00",26/01/2024,20533651918,20450278051,,,,,,,
6420,SAN MARTIN,"5,680,210.36",03/12/2024,20450151221,20450299139,,,,,,,
6421,SAN MARTIN,"288,070.95",27/11/2024,20572125191,20601533171,,,,,,,
6422,SAN MARTIN,"41,734,503.72",27/11/2024,20493537742,20496054041,20529457554,,,,,,
6423,SAN MARTIN,"48,718,630.31",26/11/2024,20560034289,20604572968,,,,,,,
6424,SAN MARTIN,"47,000,000.00",26/11/2024,20480403496,20542350033,,,,,,,
6425,SAN MARTIN,"18,546,011.31",25/11/2024,20611692928,20601290309,20480686692,,,,,,
6426,SAN MARTIN,"2,329,900.36",20/11/2024,20572224849,20534016949,,,,,,,
6427,SAN MARTIN,"1,881,221.37",20/11/2024,20600194861,20570866533,,,,,,,
6428,SAN MARTIN,"4,369,399.44",10/09/2024,20493836651,20612984515,,,,,,,
6429,SAN MARTIN,"6,553,996.35",05/09/2024,20450186440,20612988723,,,,,,,
6430,SAN MARTIN,"2,390,000.00",23/08/2024,20602811914,20600721179,,,,,,,
6431,SAN MARTIN,"218,000,000.00",05/08/2024,20600683650,20450278051,,,,,,,
6432,SAN MARTIN,"3,051,563.00",24/07/2024,20609697238,20450299139,,,,,,,
6433,SAN MARTIN,"741,255.82",22/07/2024,20609836149,20560168994,,,,,,,
6434,SAN MARTIN,"531,750.00",18/07/2024,20572125191,20450445305,,,,,,,
6435,SAN MARTIN,"6,231,704.20",16/07/2024,20494017521,20450302377,20612549258,,,,,,
6436,SAN MARTIN,"660,900.00",12/07/2024,20572125191,20600194861,,,,,,,
6437,SAN MARTIN,"729,626.92",03/07/2024,20480188404,20610467190,,,,,,,
6438,SAN MARTIN,"729,626.92",05/06/2024,20480188404,20610467190,,,,,,,
6439,SAN MARTIN,"3,183,420.00",28/05/2024,20572164331,20489532981,,,,,,,
6440,SAN MARTIN,"2,800,000.00",18/04/2024,20542350033,20493953614,,,,,,,
6441,SAN MARTIN,"810,696.58",17/04/2024,20539158091,20601500214,,,,,,,
6499,TACNA,"43,195,394.49",30/12/2021,20456317376,20513051833,20601898463,,,,,,
6500,TACNA,"4,181,109.41",13/12/2021,20533059890,,,,,,,,
6501,TACNA,"5,212,552.31",07/12/2021,10004760617,20449384050,,,,,,,
6502,TACNA,"5,277,151.40",30/11/2021,20447647096,,,,,,,,
6503,TACNA,"12,809,124.34",05/11/2021,20601016347,20119916705,,,,,,,
6504,TACNA,"1,193,333.81",20/10/2021,10004760617,20533059890,,,,,,,
6505,TACNA,"4,181,109.41",11/10/2021,20604357951,20477530665,,,,,,,
6506,TACNA,"1,978,650.49",27/09/2021,20406330495,20532656347,,,,,,,
6507,TACNA,"18,886,728.86",23/09/2021,20406330495,20532656347,,,,,,,
6508,TACNA,"7,105,489.65",06/09/2021,20133176404,20519658501,,,,,,,
6509,TACNA,"29,244,810.20",03/09/2021,20447647096,20521378531,,,,,,,
6510,TACNA,"23,317,371.33",19/07/2021,20456317376,20601898463,,,,,,,
6511,TACNA,"4,181,109.41",01/07/2021,10004760617,20520021338,,,,,,,
6512,TACNA,"5,406,753.03",03/05/2021,20601265002,20532656347,,,,,,,
6513,TACNA,"23,317,371.33",08/03/2021,20456317376,20601898463,,,,,,,
6515,TACNA,"16,140,051.41",10/11/2022,20447781655,,,,,,,,
6516,TACNA,"17,416,579.70",10/10/2022,20218090550,20600426975,,,,,,,
6517,TACNA,"10,507,589.51",30/09/2022,20447781655,20542703483,,,,,,,
6518,TACNA,"9,651,051.63",27/09/2022,20532656347,20406330495,,,,,,,
6519,TACNA,"25,191,633.06",09/09/2022,20218090550,20600426975,,,,,,,
6520,TACNA,"5,476,274.26",06/09/2022,20232650444,,,,,,,,
6521,TACNA,"823,939.11",16/08/2022,20448245668,,,,,,,,
6522,TACNA,"14,055,685.16",11/08/2022,20601016347,20119916705,,,,,,,
6523,TACNA,"7,886,208.88",08/07/2022,20601771641,,,,,,,,
6524,TACNA,"9,651,051.63",08/07/2022,20532656347,20406330495,,,,,,,
6525,TACNA,"9,546,473.29",12/05/2022,20447647096,,,,,,,,
6526,TACNA,"9,212,061.03",12/04/2022,20447647096,20363610936,,,,,,,
6527,TACNA,"618,005.52",11/04/2022,10004760617,20449384050,,,,,,,
6528,TACNA,"15,264,947.34",17/03/2022,20507991662,20565699955,,,,,,,
6529,TACNA,"923,439.35",07/03/2022,20268887785,,,,,,,,
6530,TACNA,"2,607,272.86",23/02/2022,20406330495,20532656347,,,,,,,
6537,TACNA,"41,494,583.48",27/09/2024,20453991769,20519658501,20133176404,,,,,,
6538,TACNA,"24,598,737.93",27/09/2024,20406330495,20532656347,,,,,,,
6539,TACNA,"23,218,615.82",17/09/2024,20257427022,20563050684,20565699955,,,,,,
6540,TACNA,"3,232,080.58",21/08/2024,20529202998,20608077163,,,,,,,
6541,TACNA,"9,666,614.10",15/08/2024,20609409445,20494637074,,,,,,,
6542,TACNA,"23,121,139.75",12/08/2024,20533652213,20536907930,,,,,,,
6543,TACNA,"19,125,495.94",18/06/2024,20547282559,,,,,,,,
6544,TACNA,"4,047,487.82",06/06/2024,20456323007,,,,,,,,
6955,TUMBES,"1,364,902.54",02/12/2021,20479087360,,,,,,,,
6956,TUMBES,"5,886,429.66",09/11/2021,20409461019,20525460950,,,,,,,
6957,TUMBES,"3,870,148.12",08/06/2021,20529698918,20409211411,20600983025,,,,,,
6958,TUMBES,"5,830,702.47",04/06/2021,20484206997,,,,,,,,
6959,TUMBES,"8,052,591.24",03/05/2021,20488071603,20604329494,,,,,,,
6960,TUMBES,"677,293.14",29/12/2022,20525413871,20409473700,,,,,,,
6961,TUMBES,"16,291,508.33",22/12/2022,20484206997,20525460950,,,,,,,
6962,TUMBES,"3,962,774.79",14/12/2022,20484033952,20409487913,,,,,,,
6963,TUMBES,"189,284,105.82",13/12/2022,20602371442,,,,,,,,
6964,TUMBES,"9,809,282.54",07/11/2022,20409278753,20484033952,,,,,,,
6965,TUMBES,"1,278,393.17",28/10/2022,20600122526,20484033952,,,,,,,
6966,TUMBES,"2,137,696.93",28/10/2022,20484033952,20409285024,,,,,,,
6967,TUMBES,"19,304,965.30",26/10/2022,20525460950,20484206997,,,,,,,
6968,TUMBES,"423,006.07",21/10/2022,20484033952,20409401113,,,,,,,
6969,TUMBES,"1,217,979.98",15/09/2022,20484022675,20409366024,,,,,,,
6970,TUMBES,"1,547,940.65",14/09/2022,20600588151,20525413871,,,,,,,
6971,TUMBES,"720,407.69",24/08/2022,20409462091,20409472991,,,,,,,
6972,TUMBES,"13,078,193.23",06/04/2022,20481014612,20477216952,,,,,,,
6973,TUMBES,"9,079,982.30",04/04/2022,20483789867,20483981202,,,,,,,
6988,TUMBES,"846,211.67",05/12/2024,20484228451,,,,,,,,
6989,TUMBES,"2,160,312.77",02/12/2024,20409339728,20409401113,,,,,,,
6990,TUMBES,"940,235.18",01/10/2024,20600381726,20529698918,,,,,,,
6991,TUMBES,"1,755,765.44",27/09/2024,20606891947,20409357203,,,,,,,
6992,TUMBES,"1,440,011.49",19/09/2024,20409316868,20600508653,,,,,,,
6993,TUMBES,"2,160,312.77",18/09/2024,20409339728,20409401113,,,,,,,
6994,TUMBES,"896,582.27",17/05/2024,20602429670,,,,,,,,
6995,TUMBES,"4,493,021.12",08/05/2024,20600475496,20525954529,,,,,,,
6996,TUMBES,"1,480,000.00",26/04/2024,20409487913,,,,,,,,
6997,TUMBES,"1,976,788.16",26/04/2024,20565699955,20553546266,,,,,,,
6998,TUMBES,"321,900.00",18/04/2024,20409481125,,,,,,,,
6999,TUMBES,"157,541.47",11/04/2024,20610312251,,,,,,,,
7000,TUMBES,"37,099,285.97",10/04/2024,20610504486,20483981202,,,,,,,
7001,TUMBES,"1,263,352.97",25/03/2024,20609370743,20526688679,,,,,,,
7312,UCAYALI,"655,136.08",01/12/2021,20393242532,20393665506,,,,,,,
7313,UCAYALI,"1,894,001.89",16/11/2021,20541706454,20607266175,,,,,,,
7314,UCAYALI,"6,639,587.90",25/10/2021,20393877431,20393758423,20493477405,,,,,,
7315,UCAYALI,"13,141,086.14",18/10/2021,20393877431,20393758423,20567223605,,,,,,
7316,UCAYALI,"2,036,667.33",15/10/2021,20393345188,20393352800,20603607610,,,,,,
7317,UCAYALI,"16,807,045.61",17/03/2021,20501522601,20352428648,,,,,,,
7318,UCAYALI,"13,213,107.62",15/11/2022,20393281279,20601888361,,,,,,,
7319,UCAYALI,"5,282,829.89",27/10/2022,20393336863,20393418321,,,,,,,
7320,UCAYALI,"1,739,840.72",05/10/2022,20542049228,20393667894,,,,,,,
7321,UCAYALI,"4,830,000.00",26/09/2022,20393523973,20351699621,,,,,,,
7322,UCAYALI,"2,553,161.36",20/09/2022,20352127109,20393313146,,,,,,,
7323,UCAYALI,"28,636,385.87",05/08/2022,20352428648,20501522601,,,,,,,
7324,UCAYALI,"13,089,720.87",12/07/2022,20393340208,20393281279,,,,,,,
7325,UCAYALI,"4,505,598.55",29/03/2022,20523013603,20378395152,,,,,,,
7326,UCAYALI,"7,148,398.68",15/02/2024,20393675480,,,,,,,,
7344,UCAYALI,"46,700,848.73",11/12/2024,20491656761,20491560496,,,,,,,
7345,UCAYALI,"16,391,471.80",14/11/2024,20393281279,20601888361,,,,,,,
7346,UCAYALI,"1,607,886.66",10/09/2024,20571266122,20534013923,,,,,,,
7347,UCAYALI,"17,021,131.49",06/09/2024,20393675480,20393801370,,,,,,,
7348,UCAYALI,"1,381,990.18",05/08/2024,20393945886,20604031509,,,,,,,
7349,UCAYALI,"17,389,375.43",19/07/2024,20393151812,20393665506,,,,,,,
7350,UCAYALI,"48,500,000.00",06/06/2024,20601202574,20567140220,,,,,,,
7351,UCAYALI,"10,880,966.12",05/06/2024,20393418321,20393469669,,,,,,,
7352,UCAYALI,"7,283,824.70",25/04/2024,20533652213,20393987538,,,,,,,
7353,UCAYALI,"481,617.95",18/03/2024,20393513587,20602237282,,,,,,,
