ruc,anio,gore,n_contratos,n_gores_anio
20136318323,2021,AMAZONAS,1,1
20450157008,2021,AMAZONAS,1,2
20450326713,2021,AMAZONAS,3,1
20477530665,2021,AMAZONAS,1,2
20479683728,2021,AMAZONAS,1,1
20479790303,2021,AMAZONAS,1,1
20480427913,2021,AMAZONAS,1,1
20480774397,2021,AMAZONAS,1,1
20480791305,2021,AMAZONAS,2,1
20480836252,2021,AMAZONAS,3,1
20487499685,2021,AMAZONAS,2,2
20487611191,2021,AMAZONAS,1,1
20487909336,2021,AMAZONAS,1,1
20494079713,2021,AMAZONAS,1,1
20534166240,2021,AMAZONAS,1,2
20539016629,2021,AMAZONAS,1,1
20539201281,2021,AMAZONAS,3,1
20539273605,2021,AMAZONAS,2,1
20542271834,2021,AMAZONAS,1,1
20542312450,2021,AMAZONAS,1,2
20561152005,2021,AMAZONAS,2,1
20600147600,2021,AMAZONAS,1,1
20600542525,2021,AMAZONAS,1,1
20600798937,2021,AMAZONAS,1,1
20602698409,2021,AMAZONAS,1,1
20604115923,2021,AMAZONAS,1,1
20604451648,2021,AMAZONAS,1,1
20604775010,2021,AMAZONAS,1,1
20126533447,2021,ANCASH,1,1
20260236611,2021,ANCASH,1,1
20407893248,2021,ANCASH,1,1
20407909268,2021,ANCASH,1,1
20408018804,2021,ANCASH,3,1
20408114943,2021,ANCASH,1,1
20445575411,2021,ANCASH,2,1
20445582973,2021,ANCASH,1,1
20445667618,2021,ANCASH,1,1
20450157008,2021,ANCASH,1,2
20453649840,2021,ANCASH,1,2
20461192077,2021,ANCASH,1,1
20486290910,2021,ANCASH,2,1
20486419971,2021,ANCASH,2,1
20487110141,2021,ANCASH,1,1
20488351398,2021,ANCASH,3,1
20488415973,2021,ANCASH,1,1
20529066521,2021,ANCASH,1,2
20530585078,2021,ANCASH,1,1
20530592520,2021,ANCASH,1,1
20530706398,2021,ANCASH,1,1
20530933882,2021,ANCASH,1,1
20530990681,2021,ANCASH,1,1
20531000316,2021,ANCASH,1,1
20531065019,2021,ANCASH,2,1
20531084072,2021,ANCASH,3,1
20531820542,2021,ANCASH,1,1
20531884435,2021,ANCASH,1,1
20533086510,2021,ANCASH,1,1
20533631305,2021,ANCASH,2,1
20533652213,2021,ANCASH,1,1
20533729615,2021,ANCASH,1,1
20533751386,2021,ANCASH,1,1
20533786333,2021,ANCASH,1,1
20533788891,2021,ANCASH,1,1
20534013923,2021,ANCASH,1,1
20534027126,2021,ANCASH,1,1
20534158069,2021,ANCASH,2,1
20534166240,2021,ANCASH,1,2
20534171910,2021,ANCASH,1,1
20534197986,2021,ANCASH,1,1
20541445553,2021,ANCASH,1,1
20541706454,2021,ANCASH,2,2
20542030802,2021,ANCASH,1,1
20542040786,2021,ANCASH,1,1
20542049228,2021,ANCASH,1,1
20542132982,2021,ANCASH,1,1
20542141116,2021,ANCASH,1,1
20542191059,2021,ANCASH,5,2
20542438984,2021,ANCASH,1,1
20544063392,2021,ANCASH,1,1
20549761608,2021,ANCASH,1,1
20569181756,2021,ANCASH,1,1
20571135885,2021,ANCASH,4,1
20571184151,2021,ANCASH,2,1
20571238269,2021,ANCASH,1,1
20571250552,2021,ANCASH,1,1
20571288363,2021,ANCASH,1,1
20571309891,2021,ANCASH,1,1
20571395283,2021,ANCASH,4,1
20571395364,2021,ANCASH,2,1
20600403207,2021,ANCASH,1,1
20600683650,2021,ANCASH,2,2
20600770226,2021,ANCASH,1,1
20601052980,2021,ANCASH,1,1
20601175411,2021,ANCASH,1,1
20601568561,2021,ANCASH,1,1
20602541216,2021,ANCASH,1,1
20603092440,2021,ANCASH,1,1
20603321309,2021,ANCASH,1,1
20604232610,2021,ANCASH,1,1
20605871420,2021,ANCASH,1,1
20605992146,2021,ANCASH,1,1
20606854081,2021,ANCASH,1,1
20608456857,2021,ANCASH,1,1
20608495267,2021,ANCASH,1,1
20608705334,2021,ANCASH,1,1
20527479704,2021,APURIMAC,1,2
20527760071,2021,APURIMAC,1,1
20264545812,2021,AREQUIPA,1,1
20344483702,2021,AREQUIPA,1,2
20456323007,2021,AREQUIPA,1,1
20534029927,2021,AREQUIPA,1,2
20563373009,2021,AREQUIPA,1,1
20600929438,2021,AREQUIPA,1,1
20601116082,2021,AREQUIPA,1,1
20218090550,2021,AYACUCHO,1,1
20407412592,2021,AYACUCHO,1,2
20476423539,2021,AYACUCHO,1,1
20494485118,2021,AYACUCHO,1,1
20453627951,2021,CAJAMARCA,1,1
20481813841,2021,CAJAMARCA,1,3
20495656234,2021,CAJAMARCA,1,1
20495865747,2021,CAJAMARCA,2,2
20496021038,2021,CAJAMARCA,1,1
20496159811,2021,CAJAMARCA,2,1
20529467606,2021,CAJAMARCA,2,1
20601473454,2021,CAJAMARCA,1,1
20261295246,2021,CALLAO,1,1
20296637697,2021,CALLAO,1,1
20335343701,2021,CALLAO,1,1
20489539137,2021,CALLAO,1,1
20489665604,2021,CALLAO,1,1
20493043073,2021,CALLAO,2,1
20506003351,2021,CALLAO,1,1
20507503889,2021,CALLAO,1,1
20513051833,2021,CALLAO,1,2
20521401703,2021,CALLAO,1,1
20525089917,2021,CALLAO,1,1
20534004185,2021,CALLAO,1,1
20543060918,2021,CALLAO,2,1
20546240852,2021,CALLAO,1,1
20547896026,2021,CALLAO,1,1
20601500648,2021,CALLAO,1,1
20602979173,2021,CALLAO,1,2
20524375631,2021,CUSCO,1,1
20527109362,2021,CUSCO,1,1
20527942773,2021,CUSCO,1,1
20528003401,2021,CUSCO,1,1
20547097069,2021,CUSCO,1,2
10206701248,2021,HUANCAVELICA,1,1
10295928234,2021,HUANCAVELICA,1,1
10410713506,2021,HUANCAVELICA,1,1
20451961196,2021,HUANCAVELICA,1,1
20452840775,2021,HUANCAVELICA,1,1
20486136830,2021,HUANCAVELICA,1,1
20486404273,2021,HUANCAVELICA,2,1
20486974886,2021,HUANCAVELICA,1,1
20487064522,2021,HUANCAVELICA,1,1
20494341973,2021,HUANCAVELICA,1,1
20494665876,2021,HUANCAVELICA,1,1
20494947774,2021,HUANCAVELICA,1,1
20494951020,2021,HUANCAVELICA,2,1
20503865549,2021,HUANCAVELICA,1,1
20520970704,2021,HUANCAVELICA,1,1
20568355041,2021,HUANCAVELICA,1,1
20600180771,2021,HUANCAVELICA,1,1
20600601891,2021,HUANCAVELICA,1,1
20600661966,2021,HUANCAVELICA,1,1
20600977661,2021,HUANCAVELICA,1,2
20601480493,2021,HUANCAVELICA,1,1
20601714966,2021,HUANCAVELICA,1,1
20604269009,2021,HUANCAVELICA,1,2
20604315582,2021,HUANCAVELICA,1,1
20605034684,2021,HUANCAVELICA,1,1
20605487051,2021,HUANCAVELICA,1,1
99000030216,2021,HUANCAVELICA,1,1
20393151812,2021,HUANUCO,1,1
20489536979,2021,HUANUCO,1,1
20492255981,2021,HUANUCO,1,1
20516615088,2021,HUANUCO,1,1
20542191059,2021,HUANUCO,2,2
20547097069,2021,HUANUCO,1,2
20600106351,2021,HUANUCO,1,1
20601263158,2021,HUANUCO,1,1
20602631258,2021,HUANUCO,1,1
20604540764,2021,HUANUCO,1,1
20606474254,2021,HUANUCO,1,1
20367759551,2021,ICA,1,1
20452468418,2021,ICA,1,1
20508326433,2021,ICA,1,1
20527267511,2021,ICA,1,1
20527479704,2021,ICA,2,2
20232650444,2021,JUNIN,1,1
20377890117,2021,JUNIN,1,1
20407412592,2021,JUNIN,1,2
20438494171,2021,JUNIN,1,1
20444927098,2021,JUNIN,1,1
20461112227,2021,JUNIN,1,1
20486573113,2021,JUNIN,1,1
20486693283,2021,JUNIN,1,1
20486887568,2021,JUNIN,1,1
20486960401,2021,JUNIN,1,2
20487499685,2021,JUNIN,1,2
20487950301,2021,JUNIN,1,2
20494854172,2021,JUNIN,3,1
20495042333,2021,JUNIN,1,1
20514402346,2021,JUNIN,1,1
20523070071,2021,JUNIN,1,1
20528901361,2021,JUNIN,1,1
20529166151,2021,JUNIN,1,1
20541462644,2021,JUNIN,1,1
20568071876,2021,JUNIN,1,1
20568112220,2021,JUNIN,1,1
20568223307,2021,JUNIN,1,1
20568437528,2021,JUNIN,1,1
20568535376,2021,JUNIN,1,1
20568838352,2021,JUNIN,1,1
20568992351,2021,JUNIN,1,1
20574732400,2021,JUNIN,1,1
20600683650,2021,JUNIN,1,2
20602262201,2021,JUNIN,1,1
20602979173,2021,JUNIN,2,2
20604269009,2021,JUNIN,1,2
20604384002,2021,JUNIN,1,1
10266854892,2021,LA LIBERTAD,1,1
20121907608,2021,LA LIBERTAD,1,1
20134483611,2021,LA LIBERTAD,1,1
20453649840,2021,LA LIBERTAD,1,2
20477150242,2021,LA LIBERTAD,1,2
20477458883,2021,LA LIBERTAD,1,1
20477460357,2021,LA LIBERTAD,1,1
20477617434,2021,LA LIBERTAD,1,1
20481813841,2021,LA LIBERTAD,1,3
20482206574,2021,LA LIBERTAD,1,1
20489304687,2021,LA LIBERTAD,1,2
20495865747,2021,LA LIBERTAD,1,2
20495934498,2021,LA LIBERTAD,1,1
20501430669,2021,LA LIBERTAD,2,1
20504553516,2021,LA LIBERTAD,1,1
20529440074,2021,LA LIBERTAD,1,1
20529656751,2021,LA LIBERTAD,2,1
20529688017,2021,LA LIBERTAD,1,1
20531750749,2021,LA LIBERTAD,1,1
20539094930,2021,LA LIBERTAD,4,1
20544771478,2021,LA LIBERTAD,2,1
20559687643,2021,LA LIBERTAD,1,1
20603089619,2021,LA LIBERTAD,1,1
20603716176,2021,LA LIBERTAD,1,1
20606525690,2021,LA LIBERTAD,1,1
99000028271,2021,LA LIBERTAD,1,1
20348938704,2021,LAMBAYEQUE,1,1
20353947614,2021,LAMBAYEQUE,2,1
20409234462,2021,LAMBAYEQUE,1,1
20479892998,2021,LAMBAYEQUE,1,1
20480403496,2021,LAMBAYEQUE,1,1
20480686692,2021,LAMBAYEQUE,1,1
20481813841,2021,LAMBAYEQUE,1,3
20487913791,2021,LAMBAYEQUE,1,1
20487950301,2021,LAMBAYEQUE,2,2
20505655215,2021,LAMBAYEQUE,1,1
20526193513,2021,LAMBAYEQUE,1,1
20545316561,2021,LAMBAYEQUE,1,1
20561274968,2021,LAMBAYEQUE,1,1
20568161786,2021,LAMBAYEQUE,1,1
20602235352,2021,LAMBAYEQUE,1,1
20602922368,2021,LAMBAYEQUE,1,1
20231662244,2021,LIMA,1,1
20407917104,2021,LIMA,2,1
20408135517,2021,LIMA,1,1
20445200019,2021,LIMA,1,1
20494682703,2021,LIMA,1,1
20523386469,2021,LIMA,1,1
20532064768,2021,LIMA,1,1
20533990615,2021,LIMA,1,1
20534094079,2021,LIMA,1,1
20541653156,2021,LIMA,1,1
20600386981,2021,LIMA,1,1
20600721179,2021,LIMA,2,1
20602076882,2021,LIMA,2,1
20603550677,2021,LIMA,2,1
20607462403,2021,LIMA,1,1
10053878488,2021,LORETO,1,1
20393358247,2021,LORETO,1,1
20393584336,2021,LORETO,1,1
20393633990,2021,LORETO,2,1
20450256243,2021,LORETO,1,1
20451375548,2021,LORETO,2,1
20489304687,2021,LORETO,1,2
20489627770,2021,LORETO,1,1
20493606736,2021,LORETO,1,1
20493748018,2021,LORETO,1,1
20493874587,2021,LORETO,2,1
20528115897,2021,LORETO,2,1
20528181334,2021,LORETO,1,1
20528255982,2021,LORETO,2,1
20528428755,2021,LORETO,1,1
20529066521,2021,LORETO,1,2
20531396635,2021,LORETO,1,1
20541181556,2021,LORETO,2,1
20542531097,2021,LORETO,1,1
20567140220,2021,LORETO,2,1
20600114965,2021,LORETO,1,1
20600898800,2021,LORETO,1,1
20601202574,2021,LORETO,1,1
20602078788,2021,LORETO,1,1
20344483702,2021,PASCO,1,2
20456317376,2021,PASCO,1,2
20486783606,2021,PASCO,1,1
20486867290,2021,PASCO,1,1
20489682363,2021,PASCO,2,1
20529230851,2021,PASCO,1,1
20534029927,2021,PASCO,1,2
20573212020,2021,PASCO,1,1
20600079787,2021,PASCO,1,1
20600819331,2021,PASCO,2,1
20600977661,2021,PASCO,1,2
20275449751,2021,PIURA,1,1
20357499691,2021,PIURA,1,1
20426128803,2021,PIURA,1,1
20440577947,2021,PIURA,1,1
20477150242,2021,PIURA,1,2
20477366172,2021,PIURA,1,2
20483778075,2021,PIURA,1,1
20483851171,2021,PIURA,1,1
20491656761,2021,PIURA,1,1
20525491677,2021,PIURA,1,1
20525985751,2021,PIURA,2,1
20526146191,2021,PIURA,1,1
20526331762,2021,PIURA,1,1
20528964878,2021,PIURA,1,1
20530035671,2021,PIURA,1,1
20530091075,2021,PIURA,1,1
20600456467,2021,PIURA,1,1
20600625498,2021,PIURA,1,1
20447677831,2021,PUNO,1,1
20448307523,2021,PUNO,1,1
20448497047,2021,PUNO,1,1
20448562396,2021,PUNO,2,1
20486960401,2021,PUNO,1,2
20542703483,2021,PUNO,1,1
20450324184,2021,SAN MARTIN,1,1
20477366172,2021,SAN MARTIN,1,2
20489174023,2021,SAN MARTIN,1,1
20489747244,2021,SAN MARTIN,1,1
20542312450,2021,SAN MARTIN,1,2
20542330512,2021,SAN MARTIN,1,1
20542374218,2021,SAN MARTIN,2,1
20572218369,2021,SAN MARTIN,1,1
20572250505,2021,SAN MARTIN,1,1
20600179714,2021,SAN MARTIN,1,1
20600453565,2021,SAN MARTIN,1,1
20601456070,2021,SAN MARTIN,1,1
20603358504,2021,SAN MARTIN,1,1
10004760617,2021,TACNA,3,1
20119916705,2021,TACNA,1,1
20133176404,2021,TACNA,1,1
20406330495,2021,TACNA,2,1
20447647096,2021,TACNA,2,1
20449384050,2021,TACNA,1,1
20456317376,2021,TACNA,3,2
20477530665,2021,TACNA,1,2
20513051833,2021,TACNA,1,2
20519658501,2021,TACNA,1,1
20520021338,2021,TACNA,1,1
20521378531,2021,TACNA,1,1
20532656347,2021,TACNA,3,1
20533059890,2021,TACNA,2,1
20601016347,2021,TACNA,1,1
20601265002,2021,TACNA,1,1
20601898463,2021,TACNA,3,1
20604357951,2021,TACNA,1,1
20409211411,2021,TUMBES,1,1
20409461019,2021,TUMBES,1,1
20479087360,2021,TUMBES,1,1
20484206997,2021,TUMBES,1,1
20488071603,2021,TUMBES,1,1
20525460950,2021,TUMBES,1,1
20529698918,2021,TUMBES,1,1
20600983025,2021,TUMBES,1,1
20604329494,2021,TUMBES,1,1
20352428648,2021,UCAYALI,1,1
20393242532,2021,UCAYALI,1,1
20393345188,2021,UCAYALI,1,1
20393352800,2021,UCAYALI,1,1
20393665506,2021,UCAYALI,1,1
20393758423,2021,UCAYALI,2,1
20393877431,2021,UCAYALI,2,1
20493477405,2021,UCAYALI,1,1
20501522601,2021,UCAYALI,1,1
20541706454,2021,UCAYALI,1,2
20567223605,2021,UCAYALI,1,1
20603607610,2021,UCAYALI,1,1
20607266175,2021,UCAYALI,1,1
20450186440,2022,AMAZONAS,1,2
20450326713,2022,AMAZONAS,2,2
20479764728,2022,AMAZONAS,3,1
20479790303,2022,AMAZONAS,1,1
20480134142,2022,AMAZONAS,1,1
20480188404,2022,AMAZONAS,1,1
20480391200,2022,AMAZONAS,1,1
20480427913,2022,AMAZONAS,1,1
20480811934,2022,AMAZONAS,1,1
20487419754,2022,AMAZONAS,1,1
20487499685,2022,AMAZONAS,1,1
20487818535,2022,AMAZONAS,1,1
20487980634,2022,AMAZONAS,1,1
20495136231,2022,AMAZONAS,1,1
20528217461,2022,AMAZONAS,1,1
20572141986,2022,AMAZONAS,1,1
20600504500,2022,AMAZONAS,1,1
20600542525,2022,AMAZONAS,1,1
20601832811,2022,AMAZONAS,1,1
20602979173,2022,AMAZONAS,2,1
20605899227,2022,AMAZONAS,1,1
20608056026,2022,AMAZONAS,1,1
20608518763,2022,AMAZONAS,1,1
10166241141,2022,ANCASH,1,1
20107211480,2022,ANCASH,1,1
20136318323,2022,ANCASH,1,1
20144691173,2022,ANCASH,1,3
20260236611,2022,ANCASH,4,1
20274419637,2022,ANCASH,1,1
20319536699,2022,ANCASH,1,1
20323041092,2022,ANCASH,5,1
20339480932,2022,ANCASH,2,1
20407011920,2022,ANCASH,1,1
20407769407,2022,ANCASH,1,1
20407851677,2022,ANCASH,1,1
20407863250,2022,ANCASH,4,1
20407871279,2022,ANCASH,1,1
20407978588,2022,ANCASH,1,1
20408010498,2022,ANCASH,1,1
20408018804,2022,ANCASH,2,1
20408061726,2022,ANCASH,1,1
20408130396,2022,ANCASH,1,1
20408135517,2022,ANCASH,1,1
20445685438,2022,ANCASH,1,1
20445700178,2022,ANCASH,1,1
20445710211,2022,ANCASH,1,1
20461192077,2022,ANCASH,2,1
20477160710,2022,ANCASH,2,1
20477886095,2022,ANCASH,1,1
20478157976,2022,ANCASH,1,1
20481520585,2022,ANCASH,1,1
20481605491,2022,ANCASH,1,1
20486290910,2022,ANCASH,1,1
20486397714,2022,ANCASH,1,2
20486960401,2022,ANCASH,1,4
20487110141,2022,ANCASH,1,1
20488252578,2022,ANCASH,1,1
20488351398,2022,ANCASH,1,1
20489585325,2022,ANCASH,1,2
20504220461,2022,ANCASH,1,1
20506003351,2022,ANCASH,1,2
20507991662,2022,ANCASH,1,2
20516256096,2022,ANCASH,1,1
20516419572,2022,ANCASH,1,1
20523814363,2022,ANCASH,1,1
20528901361,2022,ANCASH,1,2
20530592520,2022,ANCASH,5,1
20530706398,2022,ANCASH,3,1
20530862764,2022,ANCASH,2,1
20530933882,2022,ANCASH,2,1
20530990681,2022,ANCASH,1,1
20531055722,2022,ANCASH,1,2
20531064047,2022,ANCASH,1,1
20531065019,2022,ANCASH,1,1
20531750749,2022,ANCASH,1,1
20531820542,2022,ANCASH,1,1
20531866453,2022,ANCASH,1,1
20531897413,2022,ANCASH,1,1
20531927851,2022,ANCASH,1,1
20532002819,2022,ANCASH,2,2
20532033293,2022,ANCASH,1,1
20533621768,2022,ANCASH,1,1
20533675183,2022,ANCASH,1,1
20533693327,2022,ANCASH,1,1
20533729615,2022,ANCASH,1,1
20533744509,2022,ANCASH,2,1
20533751386,2022,ANCASH,1,1
20533788891,2022,ANCASH,1,1
20533974415,2022,ANCASH,2,1
20534010151,2022,ANCASH,1,1
20534013923,2022,ANCASH,2,1
20534016949,2022,ANCASH,1,1
20534022914,2022,ANCASH,1,1
20534027126,2022,ANCASH,1,1
20534040068,2022,ANCASH,1,1
20534098732,2022,ANCASH,1,1
20534121734,2022,ANCASH,1,1
20534145757,2022,ANCASH,1,1
20534157500,2022,ANCASH,2,1
20534158069,2022,ANCASH,2,1
20534166240,2022,ANCASH,1,1
20534489685,2022,ANCASH,2,1
20539979885,2022,ANCASH,1,1
20541616382,2022,ANCASH,1,1
20541769537,2022,ANCASH,1,1
20542049228,2022,ANCASH,7,2
20542073013,2022,ANCASH,1,1
20542083329,2022,ANCASH,2,1
20542149362,2022,ANCASH,1,1
20542191059,2022,ANCASH,2,2
20542438984,2022,ANCASH,1,1
20549761608,2022,ANCASH,1,1
20568223307,2022,ANCASH,1,1
20569181756,2022,ANCASH,3,1
20571131464,2022,ANCASH,3,1
20571135885,2022,ANCASH,1,2
20571153867,2022,ANCASH,2,1
20571184151,2022,ANCASH,1,1
20571250552,2022,ANCASH,1,1
20571273501,2022,ANCASH,2,1
20571309891,2022,ANCASH,3,1
20571395283,2022,ANCASH,4,1
20571395364,2022,ANCASH,1,1
20571420067,2022,ANCASH,3,1
20600044207,2022,ANCASH,1,2
20600095936,2022,ANCASH,2,1
20600140893,2022,ANCASH,1,1
20600180771,2022,ANCASH,1,2
20600194420,2022,ANCASH,1,1
20600253027,2022,ANCASH,1,1
20600285956,2022,ANCASH,1,1
20600309481,2022,ANCASH,1,1
20600403207,2022,ANCASH,1,1
20600454693,2022,ANCASH,1,1
20600459211,2022,ANCASH,1,1
20600683650,2022,ANCASH,1,2
20600770226,2022,ANCASH,1,1
20600805348,2022,ANCASH,1,1
20601050987,2022,ANCASH,1,1
20601485088,2022,ANCASH,3,1
20601568561,2022,ANCASH,2,1
20601649161,2022,ANCASH,1,2
20601994322,2022,ANCASH,1,1
20602002285,2022,ANCASH,1,1
20602406939,2022,ANCASH,1,1
20602691528,2022,ANCASH,1,1
20602797016,2022,ANCASH,1,1
20603096763,2022,ANCASH,1,1
20603321309,2022,ANCASH,1,1
20603354185,2022,ANCASH,2,1
20603373945,2022,ANCASH,1,1
20603432224,2022,ANCASH,1,1
20604129240,2022,ANCASH,1,1
20604155828,2022,ANCASH,1,1
20604803595,2022,ANCASH,1,1
20605106910,2022,ANCASH,1,1
20605233083,2022,ANCASH,2,1
20605308423,2022,ANCASH,2,1
20605432477,2022,ANCASH,1,1
20607764621,2022,ANCASH,1,1
20607925136,2022,ANCASH,1,1
20607977454,2022,ANCASH,1,1
20608495267,2022,ANCASH,1,1
20608582801,2022,ANCASH,1,1
20609991969,2022,ANCASH,1,1
20527814261,2022,APURIMAC,1,1
20564340384,2022,APURIMAC,1,1
20101884407,2022,AREQUIPA,1,2
20447714036,2022,AREQUIPA,1,1
20447909716,2022,AREQUIPA,1,1
20454785992,2022,AREQUIPA,1,1
20456315918,2022,AREQUIPA,1,1
20551773923,2022,AREQUIPA,1,1
20571505488,2022,AREQUIPA,1,1
20574662517,2022,AREQUIPA,1,1
20604675198,2022,AREQUIPA,2,1
20102008066,2022,AYACUCHO,1,1
20144691173,2022,AYACUCHO,1,3
20489517320,2022,AYACUCHO,1,2
20489536979,2022,AYACUCHO,1,3
20494226287,2022,AYACUCHO,1,1
20494397090,2022,AYACUCHO,1,1
20517562158,2022,AYACUCHO,1,2
20517623394,2022,AYACUCHO,1,3
20527026238,2022,AYACUCHO,1,1
20528917951,2022,AYACUCHO,1,2
20534576146,2022,AYACUCHO,1,1
20534604701,2022,AYACUCHO,1,1
20534714981,2022,AYACUCHO,1,1
20574605980,2022,AYACUCHO,1,1
20574750301,2022,AYACUCHO,1,2
20600239598,2022,AYACUCHO,1,1
20601143021,2022,AYACUCHO,1,2
20355337619,2022,CAJAMARCA,1,2
20439586665,2022,CAJAMARCA,1,1
20453649840,2022,CAJAMARCA,1,1
20495751229,2022,CAJAMARCA,1,1
20495865747,2022,CAJAMARCA,1,1
20495999352,2022,CAJAMARCA,2,1
20529626330,2022,CAJAMARCA,1,1
20529698918,2022,CAJAMARCA,1,2
20535757811,2022,CAJAMARCA,1,1
20554659242,2022,CAJAMARCA,1,1
20560107006,2022,CAJAMARCA,1,1
20600044207,2022,CAJAMARCA,1,2
20601525594,2022,CAJAMARCA,1,1
10086203753,2022,CALLAO,1,1
10232487149,2022,CALLAO,1,1
20173126345,2022,CALLAO,1,1
20232650444,2022,CALLAO,1,3
20379560742,2022,CALLAO,1,1
20451738284,2022,CALLAO,1,1
20478169559,2022,CALLAO,2,1
20486960401,2022,CALLAO,1,4
20493043073,2022,CALLAO,2,1
20501581951,2022,CALLAO,1,1
20503953839,2022,CALLAO,1,1
20508794968,2022,CALLAO,1,1
20517623394,2022,CALLAO,1,3
20547097069,2022,CALLAO,1,3
20553453845,2022,CALLAO,1,1
20553668027,2022,CALLAO,1,1
20600655095,2022,CALLAO,1,1
20603613474,2022,CALLAO,1,1
20607284033,2022,CALLAO,1,1
20451624432,2022,CUSCO,1,1
20452440912,2022,CUSCO,1,2
20490197771,2022,CUSCO,1,1
20494299161,2022,CUSCO,1,1
20523071042,2022,CUSCO,1,1
20525716342,2022,CUSCO,8,1
20527164207,2022,CUSCO,1,1
20564059171,2022,CUSCO,1,1
20601338361,2022,CUSCO,1,1
20601665591,2022,CUSCO,1,1
20335343701,2022,HUANCAVELICA,1,1
20392986601,2022,HUANCAVELICA,1,1
20486960401,2022,HUANCAVELICA,1,4
20486974886,2022,HUANCAVELICA,2,1
20506003351,2022,HUANCAVELICA,1,2
20568355041,2022,HUANCAVELICA,1,1
20600180771,2022,HUANCAVELICA,1,2
20601593476,2022,HUANCAVELICA,1,1
20606820993,2022,HUANCAVELICA,1,1
20608145088,2022,HUANCAVELICA,1,1
20226217003,2022,HUANUCO,1,1
20482474587,2022,HUANUCO,1,1
20486834529,2022,HUANUCO,4,2
20489532981,2022,HUANUCO,2,1
20489536979,2022,HUANUCO,1,3
20489643627,2022,HUANUCO,1,1
20489680310,2022,HUANUCO,1,1
20489688647,2022,HUANUCO,1,1
20510591829,2022,HUANUCO,2,1
20528932321,2022,HUANUCO,1,1
20529286997,2022,HUANUCO,1,1
20531055722,2022,HUANUCO,2,2
20534004185,2022,HUANUCO,1,1
20534013508,2022,HUANUCO,2,1
20542408562,2022,HUANUCO,3,1
20573078897,2022,HUANUCO,2,1
20573140959,2022,HUANUCO,2,1
20573320779,2022,HUANUCO,1,1
20573333081,2022,HUANUCO,1,1
20600013255,2022,HUANUCO,1,1
20601263158,2022,HUANUCO,1,2
20603194676,2022,HUANUCO,1,2
20608077163,2022,HUANUCO,2,1
20610153021,2022,HUANUCO,1,1
20261295246,2022,ICA,1,1
20268887785,2022,ICA,1,2
20367759551,2022,ICA,1,1
20445575411,2022,ICA,1,1
20452371414,2022,ICA,1,1
20452457726,2022,ICA,1,1
20452468418,2022,ICA,1,1
20485988468,2022,ICA,1,1
20486753791,2022,ICA,2,1
20494263484,2022,ICA,2,1
20495031137,2022,ICA,1,1
20508326433,2022,ICA,2,1
20510711824,2022,ICA,1,1
20514444341,2022,ICA,1,1
20517562158,2022,ICA,2,2
20523386469,2022,ICA,1,3
20531659075,2022,ICA,1,1
20532002819,2022,ICA,1,2
20534393572,2022,ICA,1,1
20534749008,2022,ICA,1,1
20536704231,2022,ICA,1,2
20537169207,2022,ICA,2,1
20547282559,2022,ICA,2,1
20600472233,2022,ICA,2,1
20600689020,2022,ICA,1,1
20602258395,2022,ICA,1,1
20101884407,2022,JUNIN,1,2
20452440912,2022,JUNIN,1,2
20486573113,2022,JUNIN,1,1
20486975939,2022,JUNIN,1,2
20489517320,2022,JUNIN,1,2
20501430669,2022,JUNIN,1,1
20514014419,2022,JUNIN,1,1
20529104988,2022,JUNIN,1,1
20547097069,2022,JUNIN,1,3
20574732400,2022,JUNIN,1,1
20574750301,2022,JUNIN,1,2
20600192087,2022,JUNIN,1,1
20600696654,2022,JUNIN,1,1
20601143021,2022,JUNIN,1,2
20602371442,2022,JUNIN,3,2
20603476400,2022,JUNIN,1,3
20144691173,2022,LA LIBERTAD,1,3
20205328662,2022,LA LIBERTAD,1,1
20326387593,2022,LA LIBERTAD,2,1
20355337619,2022,LA LIBERTAD,1,2
20397595782,2022,LA LIBERTAD,1,1
20440439129,2022,LA LIBERTAD,1,1
20461642706,2022,LA LIBERTAD,1,1
20477304908,2022,LA LIBERTAD,2,1
20477458883,2022,LA LIBERTAD,2,1
20481188955,2022,LA LIBERTAD,1,1
20481456712,2022,LA LIBERTAD,1,1
20481475342,2022,LA LIBERTAD,1,1
20481561265,2022,LA LIBERTAD,2,1
20481728062,2022,LA LIBERTAD,1,1
20481791422,2022,LA LIBERTAD,1,1
20481871027,2022,LA LIBERTAD,1,1
20481966672,2022,LA LIBERTAD,1,1
20482093354,2022,LA LIBERTAD,1,1
20482247921,2022,LA LIBERTAD,1,1
20482261168,2022,LA LIBERTAD,1,1
20482644253,2022,LA LIBERTAD,1,1
20482840516,2022,LA LIBERTAD,1,1
20484228451,2022,LA LIBERTAD,1,1
20494784450,2022,LA LIBERTAD,1,1
20502322711,2022,LA LIBERTAD,1,1
20523386469,2022,LA LIBERTAD,1,3
20529656751,2022,LA LIBERTAD,3,1
20529698918,2022,LA LIBERTAD,1,2
20530147127,2022,LA LIBERTAD,1,2
20531309091,2022,LA LIBERTAD,1,1
20538913571,2022,LA LIBERTAD,1,1
20542191059,2022,LA LIBERTAD,1,2
20553792119,2022,LA LIBERTAD,1,1
20600167571,2022,LA LIBERTAD,2,1
20601226279,2022,LA LIBERTAD,1,1
20601649161,2022,LA LIBERTAD,1,2
20602206085,2022,LA LIBERTAD,1,1
20603476400,2022,LA LIBERTAD,2,3
10166907271,2022,LAMBAYEQUE,1,1
20230509353,2022,LAMBAYEQUE,2,1
20445576060,2022,LAMBAYEQUE,1,1
20477366172,2022,LAMBAYEQUE,1,1
20480403496,2022,LAMBAYEQUE,2,1
20480489196,2022,LAMBAYEQUE,1,1
20481446326,2022,LAMBAYEQUE,1,1
20487913791,2022,LAMBAYEQUE,1,1
20487931854,2022,LAMBAYEQUE,1,1
20509186961,2022,LAMBAYEQUE,1,1
20545316561,2022,LAMBAYEQUE,1,1
20561274968,2022,LAMBAYEQUE,2,1
20602922368,2022,LAMBAYEQUE,1,1
10076160312,2022,LIMA,1,1
10103454731,2022,LIMA,3,1
20231662244,2022,LIMA,1,1
20393675480,2022,LIMA,1,1
20407917104,2022,LIMA,1,1
20445200019,2022,LIMA,1,1
20489688990,2022,LIMA,1,1
20491331543,2022,LIMA,1,1
20494686369,2022,LIMA,1,1
20523386469,2022,LIMA,2,3
20529032464,2022,LIMA,1,1
20531049838,2022,LIMA,1,1
20531897251,2022,LIMA,1,1
20534094079,2022,LIMA,1,1
20536704231,2022,LIMA,1,2
20542154366,2022,LIMA,2,1
20556414123,2022,LIMA,1,1
20600021045,2022,LIMA,1,1
20600046218,2022,LIMA,1,1
20600160347,2022,LIMA,1,1
20600362161,2022,LIMA,1,1
20600377818,2022,LIMA,1,1
20601263158,2022,LIMA,1,2
20601955165,2022,LIMA,1,1
20603476400,2022,LIMA,1,3
20603550677,2022,LIMA,2,1
20604654531,2022,LIMA,1,1
20103921288,2022,LORETO,4,1
20351988143,2022,LORETO,1,1
20392307045,2022,LORETO,1,1
20393633990,2022,LORETO,5,1
20393644509,2022,LORETO,1,1
20393706628,2022,LORETO,1,1
20393877431,2022,LORETO,1,1
20450157008,2022,LORETO,1,1
20450252418,2022,LORETO,1,2
20489747244,2022,LORETO,1,1
20493231236,2022,LORETO,2,1
20493538633,2022,LORETO,1,1
20493640322,2022,LORETO,1,1
20493644824,2022,LORETO,2,1
20493747399,2022,LORETO,1,1
20493874587,2022,LORETO,2,1
20494100429,2022,LORETO,1,1
20523070071,2022,LORETO,1,1
20528115897,2022,LORETO,3,1
20528162895,2022,LORETO,1,1
20528181334,2022,LORETO,2,1
20528255982,2022,LORETO,1,1
20528323571,2022,LORETO,1,1
20528383808,2022,LORETO,2,1
20528457691,2022,LORETO,1,1
20528476300,2022,LORETO,2,1
20528481991,2022,LORETO,2,1
20529234504,2022,LORETO,1,1
20531396635,2022,LORETO,3,1
20541181556,2022,LORETO,1,1
20541243250,2022,LORETO,1,1
20541261401,2022,LORETO,1,1
20567140220,2022,LORETO,2,1
20567237061,2022,LORETO,5,1
20571135885,2022,LORETO,1,2
20572123228,2022,LORETO,1,1
20572260217,2022,LORETO,1,1
20600421353,2022,LORETO,1,2
20601740797,2022,LORETO,1,1
20604346011,2022,LORETO,1,1
20606258837,2022,LORETO,1,1
20607715425,2022,LORETO,1,1
20608845934,2022,LORETO,1,1
20450252418,2022,MADRE DE DIOS,2,2
20450299139,2022,MADRE DE DIOS,2,2
20489627770,2022,MADRE DE DIOS,1,1
20492123057,2022,MADRE DE DIOS,1,1
20600421353,2022,MADRE DE DIOS,1,2
20605665196,2022,MADRE DE DIOS,1,1
20606236892,2022,MADRE DE DIOS,1,1
20450519783,2022,PASCO,1,1
20486397714,2022,PASCO,1,2
20486513137,2022,PASCO,2,1
20486834529,2022,PASCO,1,2
20486960401,2022,PASCO,1,4
20486975939,2022,PASCO,1,2
20487065502,2022,PASCO,1,1
20489423775,2022,PASCO,1,1
20489430399,2022,PASCO,1,1
20489466741,2022,PASCO,1,1
20489522242,2022,PASCO,1,1
20489536979,2022,PASCO,3,3
20489537274,2022,PASCO,3,1
20489544998,2022,PASCO,2,1
20489585325,2022,PASCO,1,2
20489739900,2022,PASCO,3,1
20489748054,2022,PASCO,1,1
20514402346,2022,PASCO,1,1
20517623394,2022,PASCO,2,3
20528901361,2022,PASCO,3,2
20528917951,2022,PASCO,2,2
20528924221,2022,PASCO,1,1
20528953086,2022,PASCO,1,1
20529068655,2022,PASCO,1,1
20529111259,2022,PASCO,1,1
20529137720,2022,PASCO,1,1
20529166151,2022,PASCO,1,1
20529186429,2022,PASCO,1,1
20529202998,2022,PASCO,1,1
20529230851,2022,PASCO,1,1
20533976540,2022,PASCO,1,1
20539807162,2022,PASCO,1,1
20541541439,2022,PASCO,1,1
20541559214,2022,PASCO,1,1
20542451735,2022,PASCO,1,1
20542471337,2022,PASCO,1,1
20542577836,2022,PASCO,2,1
20547097069,2022,PASCO,1,3
20551950990,2022,PASCO,1,1
20568235810,2022,PASCO,1,1
20568894180,2022,PASCO,1,1
20569048916,2022,PASCO,1,1
20571244153,2022,PASCO,2,1
20571288363,2022,PASCO,1,1
20573098731,2022,PASCO,3,1
20600592786,2022,PASCO,1,1
20603194676,2022,PASCO,1,2
20604063290,2022,PASCO,1,1
20604441103,2022,PASCO,1,1
20604520062,2022,PASCO,2,1
20604553947,2022,PASCO,1,1
20604694621,2022,PASCO,1,1
20604977411,2022,PASCO,1,1
20606797533,2022,PASCO,1,1
20608946889,2022,PASCO,1,1
20609789621,2022,PASCO,1,1
20102428197,2022,PIURA,1,1
20353947614,2022,PIURA,1,1
20357499691,2022,PIURA,2,1
20399546487,2022,PIURA,1,1
20445667618,2022,PIURA,1,1
20484104302,2022,PIURA,1,1
20488077717,2022,PIURA,1,1
20525441220,2022,PIURA,1,1
20525491677,2022,PIURA,1,1
20525526721,2022,PIURA,1,1
20525975950,2022,PIURA,2,1
20526090111,2022,PIURA,2,1
20526146191,2022,PIURA,2,1
20526323581,2022,PIURA,1,1
20526331762,2022,PIURA,2,1
20530091075,2022,PIURA,2,1
20530147127,2022,PIURA,1,2
20530192262,2022,PIURA,1,1
20602350364,2022,PIURA,1,1
20602773133,2022,PIURA,1,1
20605474960,2022,PIURA,1,1
20605845101,2022,PIURA,2,1
20606291729,2022,PIURA,1,1
20606584653,2022,PIURA,1,1
20232650444,2022,PUNO,1,3
20384753125,2022,PUNO,1,1
20447845211,2022,PUNO,1,1
20448053599,2022,PUNO,2,1
20461112227,2022,PUNO,1,1
20363610936,2022,SAN MARTIN,1,2
20393885531,2022,SAN MARTIN,2,1
20450119254,2022,SAN MARTIN,2,1
20450186440,2022,SAN MARTIN,1,2
20450278051,2022,SAN MARTIN,3,1
20450299139,2022,SAN MARTIN,2,2
20450312259,2022,SAN MARTIN,2,1
20450326713,2022,SAN MARTIN,3,2
20452477671,2022,SAN MARTIN,2,1
20477150242,2022,SAN MARTIN,1,1
20493537742,2022,SAN MARTIN,1,1
20493975421,2022,SAN MARTIN,1,1
20494015740,2022,SAN MARTIN,2,1
20494079713,2022,SAN MARTIN,1,1
20528350462,2022,SAN MARTIN,1,1
20531599404,2022,SAN MARTIN,1,1
20533651918,2022,SAN MARTIN,1,1
20542247453,2022,SAN MARTIN,1,1
20542312450,2022,SAN MARTIN,1,1
20542330512,2022,SAN MARTIN,1,1
20547581891,2022,SAN MARTIN,1,1
20560034289,2022,SAN MARTIN,2,1
20572185924,2022,SAN MARTIN,1,1
20600505557,2022,SAN MARTIN,1,1
20600683650,2022,SAN MARTIN,1,2
20601123844,2022,SAN MARTIN,1,1
20601139457,2022,SAN MARTIN,1,1
20601456070,2022,SAN MARTIN,1,1
20601638488,2022,SAN MARTIN,1,1
20602206174,2022,SAN MARTIN,1,1
20603282265,2022,SAN MARTIN,1,1
20604718598,2022,SAN MARTIN,1,1
20607046175,2022,SAN MARTIN,1,1
10004760617,2022,TACNA,1,1
20119916705,2022,TACNA,1,1
20218090550,2022,TACNA,2,1
20232650444,2022,TACNA,1,3
20268887785,2022,TACNA,1,2
20363610936,2022,TACNA,1,2
20406330495,2022,TACNA,3,1
20447647096,2022,TACNA,2,1
20447781655,2022,TACNA,2,1
20448245668,2022,TACNA,1,1
20449384050,2022,TACNA,1,1
20507991662,2022,TACNA,1,2
20532656347,2022,TACNA,3,1
20542703483,2022,TACNA,1,1
20565699955,2022,TACNA,1,1
20600426975,2022,TACNA,2,1
20601016347,2022,TACNA,1,1
20601771641,2022,TACNA,1,1
20409278753,2022,TUMBES,1,1
20409285024,2022,TUMBES,1,1
20409366024,2022,TUMBES,1,1
20409401113,2022,TUMBES,1,1
20409462091,2022,TUMBES,1,1
20409472991,2022,TUMBES,1,1
20409473700,2022,TUMBES,1,1
20409487913,2022,TUMBES,1,1
20477216952,2022,TUMBES,1,1
20481014612,2022,TUMBES,1,1
20483789867,2022,TUMBES,1,1
20483981202,2022,TUMBES,1,1
20484022675,2022,TUMBES,1,1
20484033952,2022,TUMBES,5,1
20484206997,2022,TUMBES,2,1
20525413871,2022,TUMBES,2,1
20525460950,2022,TUMBES,2,1
20600122526,2022,TUMBES,1,1
20600588151,2022,TUMBES,1,1
20602371442,2022,TUMBES,1,2
20351699621,2022,UCAYALI,1,1
20352127109,2022,UCAYALI,1,1
20352428648,2022,UCAYALI,1,1
20378395152,2022,UCAYALI,1,1
20393281279,2022,UCAYALI,2,1
20393313146,2022,UCAYALI,1,1
20393336863,2022,UCAYALI,1,1
20393340208,2022,UCAYALI,1,1
20393418321,2022,UCAYALI,1,1
20393523973,2022,UCAYALI,1,1
20393667894,2022,UCAYALI,1,1
20501522601,2022,UCAYALI,1,1
20523013603,2022,UCAYALI,1,1
20542049228,2022,UCAYALI,1,2
20601888361,2022,UCAYALI,1,1
10466648707,2024,AMAZONAS,1,1
20479790303,2024,AMAZONAS,1,1
20479808440,2024,AMAZONAS,1,1
20480059850,2024,AMAZONAS,1,1
20480113064,2024,AMAZONAS,1,1
20480123884,2024,AMAZONAS,1,1
20480427913,2024,AMAZONAS,1,1
20480791305,2024,AMAZONAS,1,1
20480836252,2024,AMAZONAS,1,1
20487499685,2024,AMAZONAS,1,1
20487976955,2024,AMAZONAS,10,1
20488071603,2024,AMAZONAS,1,1
20491560496,2024,AMAZONAS,1,2
20491617439,2024,AMAZONAS,1,1
20495931472,2024,AMAZONAS,1,2
20510100604,2024,AMAZONAS,1,1
20515869647,2024,AMAZONAS,1,1
20517623394,2024,AMAZONAS,1,1
20531455313,2024,AMAZONAS,1,2
20560168994,2024,AMAZONAS,2,3
20561239542,2024,AMAZONAS,1,1
20561260070,2024,AMAZONAS,1,1
20570698304,2024,AMAZONAS,1,2
20600040040,2024,AMAZONAS,1,1
20600143051,2024,AMAZONAS,1,1
20600147600,2024,AMAZONAS,1,1
20600197739,2024,AMAZONAS,1,1
20600357248,2024,AMAZONAS,1,1
20600979192,2024,AMAZONAS,1,1
20601446741,2024,AMAZONAS,1,1
20601832811,2024,AMAZONAS,1,1
20606918144,2024,AMAZONAS,1,1
20607214914,2024,AMAZONAS,1,1
20607492337,2024,AMAZONAS,1,1
20610241191,2024,AMAZONAS,1,2
20610381538,2024,AMAZONAS,1,1
20611111241,2024,AMAZONAS,2,1
20205328662,2024,ANCASH,1,2
20461112227,2024,ANCASH,1,2
20489532981,2024,ANCASH,1,3
20571184151,2024,ANCASH,1,1
20602937934,2024,ANCASH,1,1
10004967122,2024,AREQUIPA,1,1
10005125583,2024,AREQUIPA,1,1
10181420761,2024,AREQUIPA,1,1
10224118100,2024,AREQUIPA,1,1
10293806492,2024,AREQUIPA,1,1
10295907024,2024,AREQUIPA,1,1
10453522542,2024,AREQUIPA,1,2
20226217003,2024,AREQUIPA,1,2
20406455603,2024,AREQUIPA,1,1
20412823711,2024,AREQUIPA,1,1
20447635080,2024,AREQUIPA,1,1
20448056261,2024,AREQUIPA,1,1
20448080308,2024,AREQUIPA,1,1
20452345251,2024,AREQUIPA,1,1
20478157976,2024,AREQUIPA,1,1
20482396331,2024,AREQUIPA,1,1
20488496442,2024,AREQUIPA,1,1
20489532981,2024,AREQUIPA,1,3
20494637074,2024,AREQUIPA,1,2
20494784450,2024,AREQUIPA,1,1
20494883865,2024,AREQUIPA,2,2
20498258116,2024,AREQUIPA,1,1
20506606722,2024,AREQUIPA,1,1
20523386469,2024,AREQUIPA,1,2
20523534590,2024,AREQUIPA,1,1
20531607784,2024,AREQUIPA,1,1
20534166240,2024,AREQUIPA,2,3
20536290916,2024,AREQUIPA,1,1
20539013441,2024,AREQUIPA,1,1
20541653156,2024,AREQUIPA,1,3
20564171761,2024,AREQUIPA,1,1
20571395364,2024,AREQUIPA,1,1
20600002717,2024,AREQUIPA,1,2
20600935845,2024,AREQUIPA,1,1
20601016347,2024,AREQUIPA,1,1
20601771641,2024,AREQUIPA,1,2
20603147465,2024,AREQUIPA,1,1
20603476400,2024,AREQUIPA,1,2
20611168528,2024,AREQUIPA,1,1
99000032707,2024,AREQUIPA,1,1
99000035293,2024,AREQUIPA,2,3
20536612972,2024,AYACUCHO,1,5
20537169207,2024,AYACUCHO,1,2
20602842330,2024,AYACUCHO,1,2
20119756821,2024,CAJAMARCA,1,1
20368833089,2024,CAJAMARCA,1,1
20451464567,2024,CAJAMARCA,1,1
20480188404,2024,CAJAMARCA,1,3
20491552981,2024,CAJAMARCA,2,1
20495751229,2024,CAJAMARCA,1,1
20534166240,2024,CAJAMARCA,1,3
20570646681,2024,CAJAMARCA,1,1
20570690079,2024,CAJAMARCA,1,1
20570698304,2024,CAJAMARCA,2,2
20570709861,2024,CAJAMARCA,1,1
20570740866,2024,CAJAMARCA,1,1
20600798937,2024,CAJAMARCA,1,1
20609906066,2024,CAJAMARCA,1,1
20610241191,2024,CAJAMARCA,1,2
20215462910,2024,CALLAO,1,1
20399019355,2024,CALLAO,1,1
20440439129,2024,CALLAO,1,1
20481567549,2024,CALLAO,1,1
20482100580,2024,CALLAO,1,2
20482817026,2024,CALLAO,1,1
20523071042,2024,CALLAO,1,1
20545316561,2024,CALLAO,1,1
20552238665,2024,CALLAO,1,1
20556700487,2024,CALLAO,1,1
20559507769,2024,CALLAO,1,2
20601460204,2024,CALLAO,1,1
20601595096,2024,CALLAO,1,1
20609132079,2024,CALLAO,1,1
20106758477,2024,CUSCO,1,2
20489558433,2024,CUSCO,1,2
20493537742,2024,CUSCO,1,4
20527164207,2024,CUSCO,1,1
20559291901,2024,CUSCO,1,1
20606079941,2024,CUSCO,1,1
20611055944,2024,CUSCO,1,1
20100047218,2024,HUANCAVELICA,1,1
20486299038,2024,HUANCAVELICA,1,1
20486404273,2024,HUANCAVELICA,2,2
20600827252,2024,HUANCAVELICA,1,1
20602768261,2024,HUANCAVELICA,1,1
20605238468,2024,HUANCAVELICA,1,1
20226217003,2024,HUANUCO,1,2
20407836872,2024,HUANUCO,1,2
20486743302,2024,HUANUCO,1,3
20486751151,2024,HUANUCO,2,1
20487913791,2024,HUANUCO,2,1
20489466741,2024,HUANUCO,1,1
20489475228,2024,HUANUCO,1,1
20489536979,2024,HUANUCO,2,2
20489544998,2024,HUANUCO,1,2
20489558433,2024,HUANUCO,1,2
20489650674,2024,HUANUCO,1,2
20489717175,2024,HUANUCO,1,1
20514155403,2024,HUANUCO,1,1
20515422154,2024,HUANUCO,1,3
20528910433,2024,HUANUCO,1,2
20529066521,2024,HUANUCO,1,3
20529169842,2024,HUANUCO,1,1
20529202998,2024,HUANUCO,1,4
20531054327,2024,HUANUCO,1,1
20534013508,2024,HUANUCO,1,1
20542191059,2024,HUANUCO,3,2
20542344653,2024,HUANUCO,1,1
20542531097,2024,HUANUCO,1,1
20552839073,2024,HUANUCO,1,2
20568838352,2024,HUANUCO,1,1
20571135885,2024,HUANUCO,2,1
20571395283,2024,HUANUCO,1,4
20571420067,2024,HUANUCO,3,1
20573041977,2024,HUANUCO,1,2
20573068743,2024,HUANUCO,1,1
20573078897,2024,HUANUCO,1,1
20573098731,2024,HUANUCO,2,2
20573195427,2024,HUANUCO,1,1
20573264097,2024,HUANUCO,1,1
20573333081,2024,HUANUCO,2,2
20600021045,2024,HUANUCO,1,2
20600142152,2024,HUANUCO,1,1
20600172744,2024,HUANUCO,1,1
20600184416,2024,HUANUCO,1,1
20600259688,2024,HUANUCO,1,1
20600330722,2024,HUANUCO,1,1
20600347633,2024,HUANUCO,1,1
20600349466,2024,HUANUCO,1,1
20601161321,2024,HUANUCO,1,1
20601421586,2024,HUANUCO,1,1
20601486505,2024,HUANUCO,1,1
20602473903,2024,HUANUCO,1,1
20602486894,2024,HUANUCO,1,2
20602500463,2024,HUANUCO,1,1
20602633960,2024,HUANUCO,1,1
20602924701,2024,HUANUCO,2,1
20604048746,2024,HUANUCO,1,1
20604488517,2024,HUANUCO,1,1
20605583718,2024,HUANUCO,1,1
20606330732,2024,HUANUCO,1,1
20606862581,2024,HUANUCO,1,1
20606908815,2024,HUANUCO,1,1
20608077163,2024,HUANUCO,3,3
20608386794,2024,HUANUCO,2,1
20608515551,2024,HUANUCO,1,1
20610563580,2024,HUANUCO,1,1
20610882499,2024,HUANUCO,1,1
10401925461,2024,ICA,1,1
20407412592,2024,ICA,1,2
20452457726,2024,ICA,1,1
20452777470,2024,ICA,1,1
20452795532,2024,ICA,1,1
20493606736,2024,ICA,1,1
20494263484,2024,ICA,2,1
20494565065,2024,ICA,1,1
20494665876,2024,ICA,1,1
20494674352,2024,ICA,1,1
20494690552,2024,ICA,3,1
20510711824,2024,ICA,1,1
20528910433,2024,ICA,1,2
20531065019,2024,ICA,1,2
20534175664,2024,ICA,1,1
20534220473,2024,ICA,2,1
20534500247,2024,ICA,3,1
20534517131,2024,ICA,1,1
20535195715,2024,ICA,1,1
20541653156,2024,ICA,1,3
20544528026,2024,ICA,1,1
20600029798,2024,ICA,1,3
20600136586,2024,ICA,1,1
20600292979,2024,ICA,1,1
20600472233,2024,ICA,1,1
20600998448,2024,ICA,1,1
20601158362,2024,ICA,1,1
20603202954,2024,ICA,1,1
20604191522,2024,ICA,1,1
20604749591,2024,ICA,1,1
20605898905,2024,ICA,2,1
20606457945,2024,ICA,1,1
20607935972,2024,ICA,1,1
20261295246,2024,JUNIN,1,2
20282062080,2024,JUNIN,2,1
20399273146,2024,JUNIN,1,2
20401507818,2024,JUNIN,1,1
20407412592,2024,JUNIN,2,2
20461112227,2024,JUNIN,1,2
20486093847,2024,JUNIN,1,1
20486103079,2024,JUNIN,4,1
20486132338,2024,JUNIN,3,1
20486243750,2024,JUNIN,1,1
20486404273,2024,JUNIN,1,2
20486558742,2024,JUNIN,1,1
20486573113,2024,JUNIN,1,1
20486625954,2024,JUNIN,1,1
20486743302,2024,JUNIN,1,3
20486807122,2024,JUNIN,1,1
20486812479,2024,JUNIN,1,1
20486887568,2024,JUNIN,1,1
20486960401,2024,JUNIN,3,1
20486995450,2024,JUNIN,1,1
20487047512,2024,JUNIN,3,1
20487065502,2024,JUNIN,1,1
20487176169,2024,JUNIN,1,1
20489371791,2024,JUNIN,1,1
20489430399,2024,JUNIN,1,1
20489432413,2024,JUNIN,1,1
20489544998,2024,JUNIN,2,2
20489626706,2024,JUNIN,1,2
20489684145,2024,JUNIN,1,2
20489739900,2024,JUNIN,1,2
20493537742,2024,JUNIN,1,4
20494252521,2024,JUNIN,2,1
20494854172,2024,JUNIN,1,1
20494951020,2024,JUNIN,3,2
20528917951,2024,JUNIN,2,1
20528924221,2024,JUNIN,1,1
20529068655,2024,JUNIN,1,2
20529104988,2024,JUNIN,1,1
20531455313,2024,JUNIN,1,2
20534666218,2024,JUNIN,1,1
20534839091,2024,JUNIN,1,1
20535886033,2024,JUNIN,1,1
20536612972,2024,JUNIN,1,5
20541417851,2024,JUNIN,1,1
20541453815,2024,JUNIN,2,1
20541462644,2024,JUNIN,2,1
20541556380,2024,JUNIN,1,1
20541592777,2024,JUNIN,1,1
20542153980,2024,JUNIN,1,1
20546099220,2024,JUNIN,1,1
20557209752,2024,JUNIN,1,1
20568003790,2024,JUNIN,1,1
20568050283,2024,JUNIN,2,1
20568161786,2024,JUNIN,4,1
20568163487,2024,JUNIN,1,1
20568196491,2024,JUNIN,1,1
20568210078,2024,JUNIN,1,1
20568223307,2024,JUNIN,1,1
20568237430,2024,JUNIN,1,1
20568275013,2024,JUNIN,4,1
20568327773,2024,JUNIN,1,1
20568345755,2024,JUNIN,3,1
20568360801,2024,JUNIN,1,1
20568535376,2024,JUNIN,2,1
20568684614,2024,JUNIN,1,1
20568927886,2024,JUNIN,1,1
20568971273,2024,JUNIN,1,1
20569064792,2024,JUNIN,1,1
20571395283,2024,JUNIN,1,4
20573041977,2024,JUNIN,1,2
20573819731,2024,JUNIN,1,1
20573884711,2024,JUNIN,2,1
20574702322,2024,JUNIN,1,1
20600021045,2024,JUNIN,5,2
20600029798,2024,JUNIN,3,3
20600060652,2024,JUNIN,1,1
20600140893,2024,JUNIN,1,1
20600160347,2024,JUNIN,2,1
20600180771,2024,JUNIN,3,1
20600258231,2024,JUNIN,1,1
20600644531,2024,JUNIN,1,1
20600696654,2024,JUNIN,1,1
20600704762,2024,JUNIN,1,1
20601409829,2024,JUNIN,1,1
20601714966,2024,JUNIN,1,1
20601762316,2024,JUNIN,1,1
20601792789,2024,JUNIN,1,1
20602125247,2024,JUNIN,1,1
20602246575,2024,JUNIN,1,1
20602262201,2024,JUNIN,1,1
20602429670,2024,JUNIN,1,2
20602648967,2024,JUNIN,1,1
20603206186,2024,JUNIN,1,1
20603433867,2024,JUNIN,2,1
20603554257,2024,JUNIN,1,1
20604863806,2024,JUNIN,1,1
20605423877,2024,JUNIN,1,1
20605623612,2024,JUNIN,1,1
20606460199,2024,JUNIN,1,1
20607687898,2024,JUNIN,1,1
20607804134,2024,JUNIN,1,1
20608429191,2024,JUNIN,1,1
20608699181,2024,JUNIN,1,1
20608817141,2024,JUNIN,1,1
20609212129,2024,JUNIN,1,1
20609958023,2024,JUNIN,1,1
20610065571,2024,JUNIN,1,1
20610305670,2024,JUNIN,1,1
20610414878,2024,JUNIN,1,1
20610515887,2024,JUNIN,1,1
20610907076,2024,JUNIN,1,1
20611005734,2024,JUNIN,1,1
20611286962,2024,JUNIN,1,1
20611396652,2024,JUNIN,1,1
10103154931,2024,LA LIBERTAD,1,1
10167869667,2024,LA LIBERTAD,2,1
10179063455,2024,LA LIBERTAD,2,1
10267064780,2024,LA LIBERTAD,2,1
10404371865,2024,LA LIBERTAD,1,1
10405680888,2024,LA LIBERTAD,1,1
10413692518,2024,LA LIBERTAD,1,1
10417310245,2024,LA LIBERTAD,1,1
10421685253,2024,LA LIBERTAD,1,1
10426481915,2024,LA LIBERTAD,1,1
10453522542,2024,LA LIBERTAD,1,2
20100028698,2024,LA LIBERTAD,1,1
20134676508,2024,LA LIBERTAD,1,1
20144691173,2024,LA LIBERTAD,2,1
20205328662,2024,LA LIBERTAD,3,2
20354444594,2024,LA LIBERTAD,1,1
20354826799,2024,LA LIBERTAD,2,1
20355337619,2024,LA LIBERTAD,2,1
20393340208,2024,LA LIBERTAD,1,2
20398604734,2024,LA LIBERTAD,1,1
20438958771,2024,LA LIBERTAD,1,1
20440178147,2024,LA LIBERTAD,1,1
20477156445,2024,LA LIBERTAD,1,1
20477216952,2024,LA LIBERTAD,1,1
20481030146,2024,LA LIBERTAD,1,1
20481146951,2024,LA LIBERTAD,1,1
20481265704,2024,LA LIBERTAD,1,1
20481446326,2024,LA LIBERTAD,1,1
20481475342,2024,LA LIBERTAD,1,1
20481561265,2024,LA LIBERTAD,4,1
20481871027,2024,LA LIBERTAD,1,1
20481966672,2024,LA LIBERTAD,1,1
20482100580,2024,LA LIBERTAD,1,2
20482530592,2024,LA LIBERTAD,1,1
20494397090,2024,LA LIBERTAD,1,1
20494883865,2024,LA LIBERTAD,1,2
20495042333,2024,LA LIBERTAD,1,1
20495875891,2024,LA LIBERTAD,1,1
20496014686,2024,LA LIBERTAD,1,1
20525333923,2024,LA LIBERTAD,1,2
20529656751,2024,LA LIBERTAD,2,1
20536612972,2024,LA LIBERTAD,1,5
20537169207,2024,LA LIBERTAD,1,2
20539094930,2024,LA LIBERTAD,1,1
20544771478,2024,LA LIBERTAD,2,1
20601226279,2024,LA LIBERTAD,3,1
20601488257,2024,LA LIBERTAD,1,1
20602455085,2024,LA LIBERTAD,1,1
20602523129,2024,LA LIBERTAD,1,1
20602842330,2024,LA LIBERTAD,1,2
20605515739,2024,LA LIBERTAD,1,1
20606265892,2024,LA LIBERTAD,1,1
20611394315,2024,LA LIBERTAD,1,1
10164660775,2024,LAMBAYEQUE,2,1
20164843263,2024,LAMBAYEQUE,1,1
20445200019,2024,LAMBAYEQUE,1,2
20480403496,2024,LAMBAYEQUE,3,2
20487698882,2024,LAMBAYEQUE,1,1
20487931854,2024,LAMBAYEQUE,1,1
20488351398,2024,LAMBAYEQUE,1,1
20491656761,2024,LAMBAYEQUE,2,2
20495669301,2024,LAMBAYEQUE,1,1
20495973981,2024,LAMBAYEQUE,1,1
20496149425,2024,LAMBAYEQUE,2,1
20515422154,2024,LAMBAYEQUE,1,3
20517562158,2024,LAMBAYEQUE,1,1
20525333923,2024,LAMBAYEQUE,1,2
20525909221,2024,LAMBAYEQUE,1,1
20534166240,2024,LAMBAYEQUE,1,3
20536612972,2024,LAMBAYEQUE,1,5
20539023323,2024,LAMBAYEQUE,4,1
20540071595,2024,LAMBAYEQUE,1,1
20542072637,2024,LAMBAYEQUE,1,1
20542350033,2024,LAMBAYEQUE,1,3
20560168994,2024,LAMBAYEQUE,2,3
20561126934,2024,LAMBAYEQUE,2,1
20571505488,2024,LAMBAYEQUE,1,1
20600721179,2024,LAMBAYEQUE,2,2
20601642604,2024,LAMBAYEQUE,1,1
20602126120,2024,LAMBAYEQUE,2,1
20602698409,2024,LAMBAYEQUE,2,1
20603025301,2024,LAMBAYEQUE,1,1
20604451648,2024,LAMBAYEQUE,1,1
20604942480,2024,LAMBAYEQUE,1,1
20605524649,2024,LAMBAYEQUE,1,1
20607488003,2024,LAMBAYEQUE,1,1
99000035293,2024,LAMBAYEQUE,1,3
20298049822,2024,LIMA,1,1
20300116192,2024,LIMA,1,1
20393340208,2024,LIMA,1,2
20393667894,2024,LIMA,1,1
20408010498,2024,LIMA,1,1
20445200019,2024,LIMA,2,2
20445558592,2024,LIMA,1,1
20481456712,2024,LIMA,2,1
20482435417,2024,LIMA,1,1
20484107239,2024,LIMA,1,1
20486743302,2024,LIMA,2,3
20486976404,2024,LIMA,2,1
20486990903,2024,LIMA,1,1
20489304687,2024,LIMA,1,1
20489536979,2024,LIMA,1,2
20489739900,2024,LIMA,1,2
20491358077,2024,LIMA,1,1
20495031137,2024,LIMA,3,1
20502322711,2024,LIMA,1,1
20502496035,2024,LIMA,2,1
20506003351,2024,LIMA,1,1
20507991662,2024,LIMA,1,1
20509958875,2024,LIMA,1,1
20514405442,2024,LIMA,4,1
20515422154,2024,LIMA,1,3
20515485318,2024,LIMA,1,1
20516419572,2024,LIMA,2,1
20517785530,2024,LIMA,1,1
20521479991,2024,LIMA,1,1
20523386469,2024,LIMA,1,2
20529066521,2024,LIMA,1,3
20529202998,2024,LIMA,2,4
20531049838,2024,LIMA,1,1
20531065019,2024,LIMA,1,2
20531808763,2024,LIMA,1,1
20531857381,2024,LIMA,1,1
20533652213,2024,LIMA,3,3
20533974415,2024,LIMA,1,1
20534002646,2024,LIMA,1,1
20534016949,2024,LIMA,1,2
20534179571,2024,LIMA,1,1
20534861185,2024,LIMA,1,1
20537185661,2024,LIMA,1,1
20541546660,2024,LIMA,1,1
20542059291,2024,LIMA,2,1
20542191059,2024,LIMA,1,2
20543604951,2024,LIMA,1,1
20546813569,2024,LIMA,1,1
20549823565,2024,LIMA,1,1
20552839073,2024,LIMA,1,2
20559507769,2024,LIMA,1,2
20561206539,2024,LIMA,1,1
20568778198,2024,LIMA,2,1
20571395283,2024,LIMA,1,4
20600029798,2024,LIMA,1,3
20600129938,2024,LIMA,1,1
20600373871,2024,LIMA,1,1
20600433050,2024,LIMA,2,1
20600441001,2024,LIMA,2,1
20600615581,2024,LIMA,1,1
20600813804,2024,LIMA,1,1
20601324491,2024,LIMA,1,2
20601597773,2024,LIMA,1,1
20601831717,2024,LIMA,1,1
20602164986,2024,LIMA,1,1
20602480357,2024,LIMA,1,1
20602747868,2024,LIMA,1,1
20602932771,2024,LIMA,1,1
20603234279,2024,LIMA,5,1
20603812388,2024,LIMA,1,1
20604421633,2024,LIMA,2,1
20604488681,2024,LIMA,2,1
20604903328,2024,LIMA,1,1
20605324151,2024,LIMA,1,1
20606580437,2024,LIMA,1,1
20606792752,2024,LIMA,1,1
20607057355,2024,LIMA,1,1
20608472208,2024,LIMA,1,1
20609067552,2024,LIMA,1,1
20611325739,2024,LIMA,1,1
20103921288,2024,LORETO,1,1
20232650444,2024,LORETO,1,1
20393633990,2024,LORETO,4,1
20393706628,2024,LORETO,1,1
20393725509,2024,LORETO,2,1
20393758423,2024,LORETO,1,1
20393877431,2024,LORETO,3,1
20393973669,2024,LORETO,5,1
20399273146,2024,LORETO,1,2
20450186440,2024,LORETO,1,2
20450296628,2024,LORETO,1,1
20450402592,2024,LORETO,2,1
20450905152,2024,LORETO,1,1
20451375548,2024,LORETO,3,1
20493231236,2024,LORETO,1,1
20493477405,2024,LORETO,1,1
20493537742,2024,LORETO,4,4
20493538633,2024,LORETO,1,1
20493543122,2024,LORETO,1,1
20493589891,2024,LORETO,1,1
20493640322,2024,LORETO,2,1
20493644824,2024,LORETO,2,1
20493733096,2024,LORETO,2,1
20493747399,2024,LORETO,2,1
20493748018,2024,LORETO,1,1
20493870751,2024,LORETO,1,1
20493874587,2024,LORETO,2,1
20494100429,2024,LORETO,1,1
20494686369,2024,LORETO,1,1
20523013603,2024,LORETO,1,1
20528115897,2024,LORETO,5,1
20528149953,2024,LORETO,2,1
20528181334,2024,LORETO,1,1
20528255982,2024,LORETO,1,1
20528388869,2024,LORETO,1,1
20528457691,2024,LORETO,3,1
20528476300,2024,LORETO,1,1
20529089571,2024,LORETO,1,1
20531302321,2024,LORETO,1,1
20531396635,2024,LORETO,1,1
20541112660,2024,LORETO,1,1
20541143549,2024,LORETO,1,1
20541243250,2024,LORETO,1,1
20541261401,2024,LORETO,1,1
20541653156,2024,LORETO,5,3
20542301172,2024,LORETO,1,1
20559937691,2024,LORETO,3,1
20567140220,2024,LORETO,2,2
20567237061,2024,LORETO,2,1
20567287247,2024,LORETO,2,1
20572288901,2024,LORETO,1,1
20600002717,2024,LORETO,1,2
20600182693,2024,LORETO,3,1
20600409311,2024,LORETO,1,1
20600523571,2024,LORETO,1,1
20601131367,2024,LORETO,1,1
20601202574,2024,LORETO,1,2
20601282063,2024,LORETO,1,1
20601324491,2024,LORETO,1,2
20601693659,2024,LORETO,1,1
20601911915,2024,LORETO,2,1
20601944384,2024,LORETO,1,1
20602797016,2024,LORETO,1,1
20603476400,2024,LORETO,1,2
20608845934,2024,LORETO,2,1
20610436499,2024,LORETO,1,1
20610618015,2024,LORETO,1,1
20611139684,2024,LORETO,1,1
20612633917,2024,LORETO,1,1
10324057035,2024,PASCO,1,1
10411982438,2024,PASCO,1,1
10805536867,2024,PASCO,1,1
20393675480,2024,PASCO,1,2
20407836872,2024,PASCO,5,2
20446927753,2024,PASCO,2,1
20486845725,2024,PASCO,1,1
20486975939,2024,PASCO,1,1
20489537436,2024,PASCO,1,1
20489594235,2024,PASCO,1,1
20489626706,2024,PASCO,1,2
20489650674,2024,PASCO,1,2
20489684145,2024,PASCO,1,2
20489747244,2024,PASCO,1,1
20494951020,2024,PASCO,1,2
20495931472,2024,PASCO,1,2
20506298301,2024,PASCO,1,1
20528901361,2024,PASCO,1,1
20528932321,2024,PASCO,1,1
20528973516,2024,PASCO,1,1
20529030330,2024,PASCO,1,1
20529033274,2024,PASCO,1,1
20529066521,2024,PASCO,1,3
20529068655,2024,PASCO,3,2
20529111259,2024,PASCO,1,1
20529202998,2024,PASCO,1,4
20529215038,2024,PASCO,2,1
20542350033,2024,PASCO,1,3
20542489627,2024,PASCO,1,1
20568073658,2024,PASCO,1,1
20571395283,2024,PASCO,2,4
20573066619,2024,PASCO,1,1
20573098731,2024,PASCO,1,2
20573144946,2024,PASCO,1,1
20573225199,2024,PASCO,4,1
20573333081,2024,PASCO,1,2
20573338554,2024,PASCO,1,1
20600079493,2024,PASCO,1,1
20600099541,2024,PASCO,1,1
20600119703,2024,PASCO,1,1
20600592786,2024,PASCO,1,1
20600630963,2024,PASCO,1,1
20600967496,2024,PASCO,1,1
20601277078,2024,PASCO,1,1
20601771641,2024,PASCO,2,2
20602486894,2024,PASCO,1,2
20602581234,2024,PASCO,1,1
20602640079,2024,PASCO,1,1
20603013540,2024,PASCO,1,1
20603398573,2024,PASCO,1,1
20603549261,2024,PASCO,1,1
20603641834,2024,PASCO,1,1
20603919395,2024,PASCO,1,1
20604695067,2024,PASCO,1,1
20604906475,2024,PASCO,1,1
20605286306,2024,PASCO,1,1
20605875778,2024,PASCO,1,1
20608077163,2024,PASCO,3,3
20611372338,2024,PASCO,1,1
20613220004,2024,PASCO,1,1
20613377205,2024,PASCO,1,1
99000035293,2024,PASCO,1,3
10176407471,2024,PIURA,1,1
20154727826,2024,PIURA,1,1
20261295246,2024,PIURA,1,2
20274419637,2024,PIURA,1,1
20339480932,2024,PIURA,1,1
20480188404,2024,PIURA,1,3
20525491677,2024,PIURA,1,1
20525637639,2024,PIURA,1,1
20525822029,2024,PIURA,1,1
20526032854,2024,PIURA,2,1
20526146191,2024,PIURA,1,1
20526201478,2024,PIURA,3,1
20526203501,2024,PIURA,1,1
20526652135,2024,PIURA,1,1
20526657871,2024,PIURA,1,1
20529940395,2024,PIURA,1,1
20529966351,2024,PIURA,1,1
20530036481,2024,PIURA,1,1
20530091075,2024,PIURA,2,1
20533651918,2024,PIURA,1,2
20600085841,2024,PIURA,2,1
20600419839,2024,PIURA,1,1
20600480996,2024,PIURA,1,1
20602951830,2024,PIURA,1,1
20605435077,2024,PIURA,1,1
20605547436,2024,PIURA,1,1
20605622080,2024,PIURA,2,1
20608080784,2024,PIURA,1,1
20106758477,2024,PUNO,1,2
20518145763,2024,PUNO,1,1
20536612972,2024,PUNO,1,5
20602241671,2024,PUNO,1,1
20450151221,2024,SAN MARTIN,1,1
20450186440,2024,SAN MARTIN,1,2
20450278051,2024,SAN MARTIN,2,1
20450299139,2024,SAN MARTIN,2,1
20450302377,2024,SAN MARTIN,1,1
20450445305,2024,SAN MARTIN,1,1
20480188404,2024,SAN MARTIN,2,3
20480403496,2024,SAN MARTIN,1,2
20480686692,2024,SAN MARTIN,1,1
20489532981,2024,SAN MARTIN,1,3
20493537742,2024,SAN MARTIN,1,4
20493836651,2024,SAN MARTIN,1,1
20493953614,2024,SAN MARTIN,1,1
20494017521,2024,SAN MARTIN,1,1
20496054041,2024,SAN MARTIN,1,1
20529457554,2024,SAN MARTIN,1,1
20533651918,2024,SAN MARTIN,1,2
20534016949,2024,SAN MARTIN,1,2
20539158091,2024,SAN MARTIN,1,1
20542350033,2024,SAN MARTIN,2,3
20560034289,2024,SAN MARTIN,1,1
20560168994,2024,SAN MARTIN,1,3
20570866533,2024,SAN MARTIN,1,1
20572125191,2024,SAN MARTIN,3,1
20572164331,2024,SAN MARTIN,1,1
20572224849,2024,SAN MARTIN,1,1
20600194861,2024,SAN MARTIN,2,1
20600683650,2024,SAN MARTIN,1,1
20600721179,2024,SAN MARTIN,1,2
20601290309,2024,SAN MARTIN,1,1
20601500214,2024,SAN MARTIN,1,1
20601533171,2024,SAN MARTIN,1,1
20602811914,2024,SAN MARTIN,1,1
20604572968,2024,SAN MARTIN,1,1
20609697238,2024,SAN MARTIN,1,1
20609836149,2024,SAN MARTIN,1,1
20610467190,2024,SAN MARTIN,2,1
20611692928,2024,SAN MARTIN,1,1
20612549258,2024,SAN MARTIN,1,1
20612984515,2024,SAN MARTIN,1,1
20612988723,2024,SAN MARTIN,1,1
20133176404,2024,TACNA,1,1
20257427022,2024,TACNA,1,1
20406330495,2024,TACNA,1,1
20453991769,2024,TACNA,1,1
20456323007,2024,TACNA,1,1
20494637074,2024,TACNA,1,2
20519658501,2024,TACNA,1,1
20529202998,2024,TACNA,1,4
20532656347,2024,TACNA,1,1
20533652213,2024,TACNA,1,3
20536907930,2024,TACNA,1,1
20547282559,2024,TACNA,1,1
20563050684,2024,TACNA,1,1
20565699955,2024,TACNA,1,2
20608077163,2024,TACNA,1,3
20609409445,2024,TACNA,1,1
20409316868,2024,TUMBES,1,1
20409339728,2024,TUMBES,2,1
20409357203,2024,TUMBES,1,1
20409401113,2024,TUMBES,2,1
20409481125,2024,TUMBES,1,1
20409487913,2024,TUMBES,1,1
20483981202,2024,TUMBES,1,1
20484228451,2024,TUMBES,1,1
20525954529,2024,TUMBES,1,1
20526688679,2024,TUMBES,1,1
20529698918,2024,TUMBES,1,1
20553546266,2024,TUMBES,1,1
20565699955,2024,TUMBES,1,2
20600381726,2024,TUMBES,1,1
20600475496,2024,TUMBES,1,1
20600508653,2024,TUMBES,1,1
20602429670,2024,TUMBES,1,2
20606891947,2024,TUMBES,1,1
20609370743,2024,TUMBES,1,1
20610312251,2024,TUMBES,1,1
20610504486,2024,TUMBES,1,1
20393151812,2024,UCAYALI,1,1
20393281279,2024,UCAYALI,1,1
20393418321,2024,UCAYALI,1,1
20393469669,2024,UCAYALI,1,1
20393513587,2024,UCAYALI,1,1
20393665506,2024,UCAYALI,1,1
20393675480,2024,UCAYALI,2,2
20393801370,2024,UCAYALI,1,1
20393945886,2024,UCAYALI,1,1
20393987538,2024,UCAYALI,1,1
20491560496,2024,UCAYALI,1,2
20491656761,2024,UCAYALI,1,2
20533652213,2024,UCAYALI,1,3
20534013923,2024,UCAYALI,1,1
20567140220,2024,UCAYALI,1,2
20571266122,2024,UCAYALI,1,1
20601202574,2024,UCAYALI,1,2
20601888361,2024,UCAYALI,1,1
20602237282,2024,UCAYALI,1,1
20604031509,2024,UCAYALI,1,1
