cod_cgr,entidad,departamento,gore_key,anio,inco_total,inco_z,inco_rango,contrataciones_impedimentos,contrataciones_impedimentos_z,sanciones_rnssc,sanciones_rnssc_z,denuncias_corrupcion_admitidas,denuncias_corrupcion_admitidas_z,no_declara_parientes,no_declara_parientes_z,no_declara_info_bancaria,no_declara_info_bancaria_z,incumplimiento_remision_dj,incumplimiento_remision_dj_z
5334,REGION AREQUIPA-SEDE CENTRAL,AREQUIPA,AREQUIPA,2021,94.1,1.5245646362658773,MUY ALTO,9.000000000000002,0.5778348637552019,5.999999999999999,0.5482663231918548,5.999999999999999,0.5827855430342065,3.666666666666667,0.49658983778634175,3.666666666666667,0.9978714529383609,0.0,-1.080084384888983
5352,REGION TACNA-SEDE CENTRAL,TACNA,TACNA,2021,93.9,1.5052565734965537,MUY ALTO,9.000000000000002,0.5778348637552019,5.999999999999999,0.5482663231918548,5.999999999999999,0.5827855430342065,4.0,0.799388519363379,3.666666666666667,0.9978714529383609,2.0,1.170091416963065
5345,REGION LORETO-SEDE CENTRAL,LORETO,LORETO,2021,89.8,1.1094412867253964,MUY ALTO,4.555555555555555,-2.0973265425188794,3.2222222222222223,-1.4793458187898554,5.999999999999999,0.5827855430342065,4.0,0.799388519363379,4.0,1.4002389742844734,2.0,1.170091416963065
5349,REGION PIURA-SEDE CENTRAL,PIURA,PIURA,2021,89.5,1.0804791925714097,MUY ALTO,9.000000000000002,0.5778348637552019,5.999999999999999,0.5482663231918548,5.999999999999999,0.5827855430342065,3.0,-0.10900752536773362,4.0,1.4002389742844734,0.0,-1.080084384888983
5332,REGION ANCASH SEDE CENTRAL,ANCASH,ANCASH,2021,88.9,1.0225550042634362,MUY ALTO,8.111111111111112,0.04280258250038556,5.999999999999999,0.5482663231918548,5.999999999999999,0.5827855430342065,3.666666666666667,0.49658983778634175,2.6666666666666665,-0.20923111109997877,0.0,-1.080084384888983
5355,REGION CALLAO,CALLAO,CALLAO,2021,86.1,0.7522421254928892,MUY ALTO,9.000000000000002,0.5778348637552019,5.999999999999999,0.5482663231918548,5.999999999999999,0.5827855430342065,0.0,-2.8341956595610713,1.3333333333333333,-1.8187011964844308,1.0,0.045003516037040996
5350,REGION PUNO-SEDE CENTRAL,PUNO,PUNO,2021,85.8,0.7232800313389024,MUY ALTO,9.000000000000002,0.5778348637552019,5.444444444444444,0.14274389479551272,4.888888888888888,-0.457902926669734,4.0,0.799388519363379,2.6666666666666665,-0.20923111109997877,2.0,1.170091416963065
5335,REGION AYACUCHO-SEDE CENTRAL,AYACUCHO,AYACUCHO,2021,85.2,0.6653558430309289,MUY ALTO,9.000000000000002,0.5778348637552019,5.999999999999999,0.5482663231918548,5.444444444444444,0.06244130818223623,3.666666666666667,0.49658983778634175,3.0,0.19313641024613443,2.0,1.170091416963065
5341,REGION JUNIN-SEDE CENTRAL,JUNIN,JUNIN,2021,82.4,0.39504296426038327,MUY ALTO,9.000000000000002,0.5778348637552019,5.999999999999999,0.5482663231918548,5.999999999999999,0.5827855430342065,3.666666666666667,0.49658983778634175,2.6666666666666665,-0.20923111109997877,2.0,1.170091416963065
5342,REGION LA LIBERTAD-SEDE CENTRAL,LA LIBERTAD,LA LIBERTAD,2021,82.0,0.3564268387217333,MUY ALTO,9.000000000000002,0.5778348637552019,4.333333333333333,-0.6683009619971714,2.666666666666667,-2.539279866077615,4.0,0.799388519363379,3.666666666666667,0.9978714529383609,0.0,-1.080084384888983
5344,REGION LIMA,LIMA PROVINCIAS,LIMA,2021,81.9,0.34677280733707155,MUY ALTO,9.000000000000002,0.5778348637552019,5.999999999999999,0.5482663231918548,5.999999999999999,0.5827855430342065,1.9999999999999998,-1.0174035700988464,2.333333333333333,-0.611598632446092,0.0,-1.080084384888983
5333,REGION APURIMAC-SEDE CENTRAL,APURIMAC,APURIMAC,2021,79.5,0.11507605410517456,MUY ALTO,9.000000000000002,0.5778348637552019,5.444444444444444,0.14274389479551272,5.444444444444444,0.06244130818223623,2.6666666666666665,-0.41180620694477127,1.6666666666666665,-1.4163336751383178,2.0,1.170091416963065
5338,REGION HUANCAVELICA-SEDE CENTRAL,HUANCAVELICA,HUANCAVELICA,2021,78.8,0.047497834412537826,MUY ALTO,7.222222222222223,-0.49222969875443073,5.999999999999999,0.5482663231918548,5.999999999999999,0.5827855430342065,4.0,0.799388519363379,1.3333333333333333,-1.8187011964844308,2.0,1.170091416963065
5347,REGION MOQUEGUA-SEDE CENTRAL,MOQUEGUA,MOQUEGUA,2021,78.7,0.03784380302787602,MUY ALTO,7.222222222222223,-0.49222969875443073,5.999999999999999,0.5482663231918548,3.7777777777777777,-1.4985913963736746,4.0,0.799388519363379,3.666666666666667,0.9978714529383609,2.0,1.170091416963065
5354,REGION UCAYALI-SEDE CENTRAL,UCAYALI,UCAYALI,2021,78.4,0.008881708873889243,MUY ALTO,9.000000000000002,0.5778348637552019,0.0,-3.8313759034886403,5.999999999999999,0.5827855430342065,1.3333333333333333,-1.6230009332529214,3.0,0.19313641024613443,1.0,0.045003516037040996
5353,REGION TUMBES-SEDE CENTRAL,TUMBES,TUMBES,2021,77.5,-0.07800457358807247,MUY ALTO,6.333333333333334,-1.027261980009247,5.444444444444444,0.14274389479551272,5.444444444444444,0.06244130818223623,1.0,-1.9257996148299588,1.9999999999999998,-1.013966153792205,1.0,0.045003516037040996
5339,REGION HUANUCO-SEDE CENTRAL,HUANUCO,HUANUCO,2021,76.6,-0.16489085605003417,MUY ALTO,9.000000000000002,0.5778348637552019,5.999999999999999,0.5482663231918548,5.999999999999999,0.5827855430342065,4.0,0.799388519363379,3.3333333333333335,0.5955039315922477,1.0,0.045003516037040996
5348,REGION PASCO-SEDE CENTRAL,PASCO,PASCO,2021,73.6,-0.45451179758990473,ALTO,7.222222222222223,-0.49222969875443073,5.999999999999999,0.5482663231918548,5.999999999999999,0.5827855430342065,3.0,-0.10900752536773362,2.6666666666666665,-0.20923111109997877,0.0,-1.080084384888983
5337,REGION CUSCO-SEDE CENTRAL,CUSCO,CUSCO,2021,71.5,-0.6572464566678136,ALTO,9.000000000000002,0.5778348637552019,4.888888888888888,-0.2627785336008293,5.999999999999999,0.5827855430342065,4.0,0.799388519363379,3.3333333333333335,0.5955039315922477,0.0,-1.080084384888983
5343,REGION LAMBAYEQUE-SEDE CENTRAL,LAMBAYEQUE,LAMBAYEQUE,2021,71.2,-0.6862085508218003,ALTO,9.000000000000002,0.5778348637552019,4.888888888888888,-0.2627785336008293,5.999999999999999,0.5827855430342065,4.0,0.799388519363379,2.6666666666666665,-0.20923111109997877,1.0,0.045003516037040996
5331,REGION AMAZONAS-SEDE CENTRAL,AMAZONAS,AMAZONAS,2021,68.3,-0.966175460977009,ALTO,8.111111111111112,0.04280258250038556,3.2222222222222223,-1.4793458187898554,5.999999999999999,0.5827855430342065,2.333333333333333,-0.7146048885218089,3.3333333333333335,0.5955039315922477,0.0,-1.080084384888983
5336,REGION CAJAMARCA-SEDE CENTRAL,CAJAMARCA,CAJAMARCA,2021,65.9,-1.1978722142089047,ALTO,5.444444444444445,-1.5622942612640633,5.999999999999999,0.5482663231918548,3.7777777777777777,-1.4985913963736746,3.3333333333333335,0.19379115620930407,2.333333333333333,-0.611598632446092,1.0,0.045003516037040996
5346,REGION MADRE DE DIOS-SEDE CENTRAL,MADRE DE DIOS,MADRE DE DIOS,2021,63.3,-1.4488770302101266,ALTO,9.000000000000002,0.5778348637552019,5.999999999999999,0.5482663231918548,5.999999999999999,0.5827855430342065,3.3333333333333335,0.19379115620930407,1.3333333333333333,-1.8187011964844308,2.0,1.170091416963065
5351,REGION SAN MARTIN-SEDE CENTRAL,SAN MARTIN,SAN MARTIN,2021,61.1,-1.661265720672698,ALTO,9.000000000000002,0.5778348637552019,5.444444444444444,0.14274389479551272,4.333333333333333,-0.9782471615217042,3.3333333333333335,0.19379115620930407,3.666666666666667,0.9978714529383609,0.0,-1.080084384888983
5340,REGION ICA-SEDE CENTRAL,ICA,ICA,2021,53.7,-2.3756640431377116,MEDIANO ALTO,2.7777777777777777,-3.1673911050285115,4.888888888888888,-0.2627785336008293,2.666666666666667,-2.539279866077615,1.9999999999999998,-1.0174035700988464,3.0,0.19313641024613443,0.0,-1.080084384888983
5332,REGION ANCASH SEDE CENTRAL,ANCASH,ANCASH,2022,84.1,1.7135706786003984,MUY ALTO,10.0,0.7960841664045323,6.0,0.30921700215836245,5.0,1.0551824682343955,3.66666666666667,1.0748012743386202,3.22222222222222,0.11115043657024615,0.0,-0.8083596836503294
5349,REGION PIURA-SEDE CENTRAL,PIURA,PIURA,2022,82.2,1.4530245606954093,MUY ALTO,10.0,0.7960841664045323,6.0,0.30921700215836245,5.0,1.0551824682343955,2.0,-0.24235715009596276,4.55555555555556,0.9886538831774696,0.0,-0.8083596836503294
5341,REGION JUNIN-SEDE CENTRAL,JUNIN,JUNIN,2022,81.2,1.315895024955941,MUY ALTO,10.0,0.7960841664045323,6.0,0.30921700215836245,5.0,1.0551824682343955,3.33333333333333,0.8113695894516988,1.88888888888889,-0.766353010036971,0.0,-0.8083596836503294
5345,REGION LORETO-SEDE CENTRAL,LORETO,LORETO,2022,80.4,1.2061913963643662,MUY ALTO,10.0,0.7960841664045323,5.44444444444444,-0.1509273462915844,3.22222222222222,0.03073346994857255,3.66666666666667,1.0748012743386202,5.0,1.28115503204654,2.0,1.4370838820450302
5350,REGION PUNO-SEDE CENTRAL,PUNO,PUNO,2022,80.4,1.2061913963643662,MUY ALTO,10.0,0.7960841664045323,6.0,0.30921700215836245,4.11111111111111,0.542957969091484,1.33333333333333,-0.7692205198697976,1.0,-1.351355307775118,2.0,1.4370838820450302
5353,REGION TUMBES-SEDE CENTRAL,TUMBES,TUMBES,2022,76.1,0.6165343926846499,MUY ALTO,9.0,-0.7348469228349541,6.0,0.30921700215836245,4.11111111111111,0.542957969091484,1.33333333333333,-0.7692205198697976,4.55555555555556,0.9886538831774696,0.0,-0.8083596836503294
5347,REGION MOQUEGUA-SEDE CENTRAL,MOQUEGUA,MOQUEGUA,2022,75.2,0.49311781051912945,MUY ALTO,10.0,0.7960841664045323,6.0,0.30921700215836245,4.55555555555556,0.7990702186629426,4.0,1.3382329592255335,1.44444444444444,-1.0588541589060476,2.0,1.4370838820450302
5333,REGION APURIMAC-SEDE CENTRAL,APURIMAC,APURIMAC,2022,74.4,0.383414181927555,ALTO,9.0,-0.7348469228349541,5.44444444444444,-0.1509273462915844,2.77777777777778,-0.22537877962288047,0.0,-1.8229472594174592,0.0,-2.0094828927305324,2.0,1.4370838820450302
5342,REGION LA LIBERTAD-SEDE CENTRAL,LA LIBERTAD,LA LIBERTAD,2022,74.0,0.32856236763176677,ALTO,10.0,0.7960841664045323,6.0,0.30921700215836245,0.0,-1.8260803394444785,4.0,1.3382329592255335,4.55555555555556,0.9886538831774696,1.0,0.31436209919735036
5338,REGION HUANCAVELICA-SEDE CENTRAL,HUANCAVELICA,HUANCAVELICA,2022,72.8,0.16400692474440412,ALTO,10.0,0.7960841664045323,6.0,0.30921700215836245,2.77777777777778,-0.22537877962288047,1.0,-1.032652204756711,0.0,-2.0094828927305324,0.0,-0.8083596836503294
5339,REGION HUANUCO-SEDE CENTRAL,HUANUCO,HUANUCO,2022,72.7,0.15029397117045804,ALTO,10.0,0.7960841664045323,6.0,0.30921700215836245,4.55555555555556,0.7990702186629426,3.66666666666667,1.0748012743386202,4.55555555555556,0.9886538831774696,1.0,0.31436209919735036
5344,REGION LIMA,LIMA PROVINCIAS,LIMA,2022,71.9,0.04059034257888358,ALTO,10.0,0.7960841664045323,6.0,0.30921700215836245,5.0,1.0551824682343955,3.0,0.5479379045647854,3.22222222222222,0.11115043657024615,0.0,-0.8083596836503294
5351,REGION SAN MARTIN-SEDE CENTRAL,SAN MARTIN,SAN MARTIN,2022,71.2,-0.0554003324387448,ALTO,8.0,-2.2657780120744406,6.0,0.30921700215836245,2.77777777777778,-0.22537877962288047,3.33333333333333,0.8113695894516988,4.55555555555556,0.9886538831774696,0.0,-0.8083596836503294
5334,REGION AREQUIPA-SEDE CENTRAL,AREQUIPA,AREQUIPA,2022,70.1,-0.20624282175216138,ALTO,10.0,0.7960841664045323,6.0,0.30921700215836245,5.0,1.0551824682343955,0.0,-1.8229472594174592,3.22222222222222,0.11115043657024615,0.0,-0.8083596836503294
5343,REGION LAMBAYEQUE-SEDE CENTRAL,LAMBAYEQUE,LAMBAYEQUE,2022,69.4,-0.30223349676978783,ALTO,9.0,-0.7348469228349541,6.0,0.30921700215836245,1.0,-1.2498277779087035,3.33333333333333,0.8113695894516988,5.0,1.28115503204654,2.0,1.4370838820450302
5335,REGION AYACUCHO-SEDE CENTRAL,AYACUCHO,AYACUCHO,2022,68.9,-0.3707982646395221,ALTO,10.0,0.7960841664045323,6.0,0.30921700215836245,0.0,-1.8260803394444785,1.66666666666667,-0.5057888349828761,3.22222222222222,0.11115043657024615,2.0,1.4370838820450302
5355,REGION CALLAO,CALLAO,CALLAO,2022,68.6,-0.41193712536136423,ALTO,9.0,-0.7348469228349541,6.0,0.30921700215836245,0.0,-1.8260803394444785,1.66666666666667,-0.5057888349828761,2.77777777777778,-0.18135071229882413,0.0,-0.8083596836503294
5340,REGION ICA-SEDE CENTRAL,ICA,ICA,2022,68.2,-0.46678893965715046,ALTO,9.0,-0.7348469228349541,4.88888888888889,-0.6110716947415231,2.77777777777778,-0.22537877962288047,1.33333333333333,-0.7692205198697976,3.66666666666667,0.4036515854393229,0.0,-0.8083596836503294
5337,REGION CUSCO-SEDE CENTRAL,CUSCO,CUSCO,2022,67.8,-0.5216407539529386,ALTO,10.0,0.7960841664045323,6.0,0.30921700215836245,3.66666666666667,0.2868457195200312,3.0,0.5479379045647854,4.11111111111111,0.6961527343083929,0.0,-0.8083596836503294
5348,REGION PASCO-SEDE CENTRAL,PASCO,PASCO,2022,67.3,-0.5902055218226729,ALTO,9.0,-0.7348469228349541,6.0,0.30921700215836245,3.66666666666667,0.2868457195200312,0.0,-1.8229472594174592,1.88888888888889,-0.766353010036971,2.0,1.4370838820450302
5352,REGION TACNA-SEDE CENTRAL,TACNA,TACNA,2022,67.3,-0.5902055218226729,ALTO,9.0,-0.7348469228349541,6.0,0.30921700215836245,2.77777777777778,-0.22537877962288047,2.66666666666667,0.28450621967787204,4.11111111111111,0.6961527343083929,1.0,0.31436209919735036
5331,REGION AMAZONAS-SEDE CENTRAL,AMAZONAS,AMAZONAS,2022,67.2,-0.603918475396619,ALTO,9.0,-0.7348469228349541,5.44444444444444,-0.1509273462915844,5.0,1.0551824682343955,1.66666666666667,-0.5057888349828761,2.33333333333333,-0.47385186116790085,0.0,-0.8083596836503294
5354,REGION UCAYALI-SEDE CENTRAL,UCAYALI,UCAYALI,2022,66.6,-0.6861961968403013,ALTO,10.0,0.7960841664045323,0.0,-4.660341961101025,2.77777777777778,-0.22537877962288047,2.33333333333333,0.021074534790950613,1.44444444444444,-1.0588541589060476,0.0,-0.8083596836503294
5336,REGION CAJAMARCA-SEDE CENTRAL,CAJAMARCA,CAJAMARCA,2022,63.0,-1.1798625255023873,ALTO,9.0,-0.7348469228349541,6.0,0.30921700215836245,0.0,-1.8260803394444785,3.33333333333333,0.8113695894516988,4.11111111111111,0.6961527343083929,1.0,0.31436209919735036
5346,REGION MADRE DE DIOS-SEDE CENTRAL,MADRE DE DIOS,MADRE DE DIOS,2022,49.1,-3.0859630722810003,MEDIANO ALTO,8.0,-2.2657780120744406,5.44444444444444,-0.1509273462915844,3.66666666666667,0.2868457195200312,2.33333333333333,0.021074534790950613,1.88888888888889,-0.766353010036971,0.0,-0.8083596836503294
5331,REGION AMAZONAS-SEDE CENTRAL,AMAZONAS,AMAZONAS,2024,49.0,-1.8379735675273101,MEDIANO ALTO,4.23686738984297,0.19999999999999998,0.0,-3.3226495451672307,0.813359675652936,-0.7622549672964078,2.22006572812304,0.8683161975089176,2.11288488452337,-0.045966352087413655,0.0,-0.6110100926607789
5332,REGION ANCASH SEDE CENTRAL,ANCASH,ANCASH,2024,67.9,1.0772413054389671,ALTO,4.23686738984297,0.19999999999999998,4.70655417970698,0.2889260474058461,3.3889986485539,1.2920491998853978,0.225901424966906,-1.1086929340398923,0.934411137049942,-1.0092041568077765,0.0,-0.6110100926607789
5333,REGION APURIMAC-SEDE CENTRAL,APURIMAC,APURIMAC,2024,58.4,-0.3880783397028131,MEDIANO ALTO,4.23686738984297,0.19999999999999998,4.70655417970698,0.2889260474058461,0.542239783768624,-0.9784975112102822,1.95096685198691,0.6015322948141167,1.86267483240876,-0.25047814697003884,3.41075983703358,1.5711688096991456
5334,REGION AREQUIPA-SEDE CENTRAL,AREQUIPA,AREQUIPA,2024,70.2,1.4320029037364501,ALTO,4.23686738984297,0.19999999999999998,4.70655417970698,0.2889260474058461,3.9990184052936,1.7785949236916134,1.03841784057368,-0.3031663429533153,1.86882227409988,-0.24545347140819787,0.0,-0.6110100926607789
5335,REGION AYACUCHO-SEDE CENTRAL,AYACUCHO,AYACUCHO,2024,60.7,-0.03331674140532904,ALTO,4.23686738984297,0.19999999999999998,4.70655417970698,0.2889260474058461,1.49115940536372,-0.22164860751171891,2.47622715829107,1.1222739510356825,2.18461863060287,0.012665973194438674,3.41075983703358,1.5711688096991456
5336,REGION CAJAMARCA-SEDE CENTRAL,CAJAMARCA,CAJAMARCA,2024,56.7,-0.6502934340966045,MEDIANO ALTO,4.23686738984297,0.19999999999999998,4.70655417970698,0.2889260474058461,1.89783924319019,0.1027152083590941,0.766451263280572,-0.5727932768692272,2.31312560887363,0.11770249174748812,0.0,-0.6110100926607789
5337,REGION CUSCO-SEDE CENTRAL,CUSCO,CUSCO,2024,58.5,-0.37265392238553097,MEDIANO ALTO,4.23686738984297,0.19999999999999998,4.70655417970698,0.2889260474058461,3.59233856746714,1.4542311078208086,0.894193140494002,-0.4461503230602378,1.59418116287237,-0.46993424718442084,3.41075983703358,1.5711688096991456
5338,REGION HUANCAVELICA-SEDE CENTRAL,HUANCAVELICA,HUANCAVELICA,2024,68.6,1.1852122266599388,ALTO,4.23686738984297,0.19999999999999998,4.70655417970698,0.2889260474058461,0.271119891884312,-1.1947400551241563,2.22006572812304,0.8683161975089176,1.81491393927008,-0.289516010950478,0.0,-0.6110100926607789
5339,REGION HUANUCO-SEDE CENTRAL,HUANUCO,HUANUCO,2024,58.2,-0.4189271743373762,MEDIANO ALTO,4.23686738984297,0.19999999999999998,4.70655417970698,0.2889260474058461,2.10117916210342,0.2648971162944967,1.06542161420562,-0.2763948743375506,2.31312560887363,0.11770249174748812,0.0,-0.6110100926607789
5340,REGION ICA-SEDE CENTRAL,ICA,ICA,2024,52.9,-1.2364212921533169,MEDIANO ALTO,4.23686738984297,0.19999999999999998,4.70655417970698,0.2889260474058461,1.15225954050833,-0.49195178740406176,0.881943919391343,-0.4582941679460326,1.58251642265623,-0.47946854422117463,0.0,-0.6110100926607789
5341,REGION JUNIN-SEDE CENTRAL,JUNIN,JUNIN,2024,71.6,1.6479447461783951,ALTO,4.23686738984297,0.19999999999999998,4.70655417970698,0.2889260474058461,2.23673910804558,0.37301838825143696,1.95096685198691,0.6015322948141167,4.32812154718382,1.7646804310520878,0.0,-0.6110100926607789
5342,REGION LA LIBERTAD-SEDE CENTRAL,LA LIBERTAD,LA LIBERTAD,2024,60.8,-0.017892324088048032,ALTO,4.23686738984297,0.19999999999999998,4.70655417970698,0.2889260474058461,0.948919621595093,-0.6541336953394699,0.828305224878654,-0.5114714255511902,3.34778044203197,0.9633884073408046,0.0,-0.6110100926607789
5343,REGION LAMBAYEQUE-SEDE CENTRAL,LAMBAYEQUE,LAMBAYEQUE,2024,64.4,0.5373866993341012,ALTO,4.23686738984297,0.19999999999999998,4.70655417970698,0.2889260474058461,2.10117916210342,0.2648971162944967,0.929397594844158,-0.4112487216168174,1.05121252918119,-0.9137353211328245,3.41075983703358,1.5711688096991456
5344,REGION LIMA,LIMA PROVINCIAS,LIMA,2024,63.2,0.35229369152671813,ALTO,4.23686738984297,0.19999999999999998,4.70655417970698,0.2889260474058461,1.08447956753725,-0.5460124233825319,1.48004381874869,0.134660465098223,4.32812154718382,1.7646804310520878,0.0,-0.6110100926607789
5345,REGION LORETO-SEDE CENTRAL,LORETO,LORETO,2024,67.9,1.0772413054389671,ALTO,4.23686738984297,0.19999999999999998,4.70655417970698,0.2889260474058461,0.067779972971078,-1.3569219630595621,3.15597578997883,1.796174917910673,2.65256652662551,0.39514806501424304,0.0,-0.6110100926607789
5346,REGION MADRE DE DIOS-SEDE CENTRAL,MADRE DE DIOS,MADRE DE DIOS,2024,48.5,-1.9150956541137196,MEDIANO ALTO,4.23686738984297,0.19999999999999998,4.70655417970698,0.2889260474058461,2.50785899992989,0.5892609321653097,1.19225752065867,-0.15065009750593092,0.693937682662088,-1.2057576420209053,0.0,-0.6110100926607789
5347,REGION MOQUEGUA-SEDE CENTRAL,MOQUEGUA,MOQUEGUA,2024,66.4,0.8458750456797389,ALTO,4.23686738984297,0.19999999999999998,4.70655417970698,0.2889260474058461,0.610019756739702,-0.9244368752318135,2.20109080736986,0.849504512062498,3.04437176909819,0.7153941650622403,3.41075983703358,1.5711688096991456
5348,REGION PASCO-SEDE CENTRAL,PASCO,PASCO,2024,61.4,0.07465417981564351,ALTO,4.23686738984297,0.19999999999999998,0.0,-3.3226495451672307,1.08447956753725,-0.5460124233825319,0.0,-1.3326509997231561,4.32812154718382,1.7646804310520878,3.41075983703358,1.5711688096991456
5349,REGION PIURA-SEDE CENTRAL,PIURA,PIURA,2024,60.3,-0.09501441067445747,ALTO,4.23686738984297,0.19999999999999998,4.70655417970698,0.2889260474058461,3.9990184052936,1.7785949236916134,0.0,-1.3326509997231561,1.8257169984324,-0.2806860179072838,0.0,-0.6110100926607789
5350,REGION PUNO-SEDE CENTRAL,PUNO,PUNO,2024,63.7,0.42941577811312753,ALTO,4.23686738984297,0.19999999999999998,4.70655417970698,0.2889260474058461,1.55893937833479,-0.16758797153325675,4.00971591287265,2.6425705816277234,4.32812154718382,1.7646804310520878,0.0,-0.6110100926607789
5351,REGION SAN MARTIN-SEDE CENTRAL,SAN MARTIN,SAN MARTIN,2024,48.3,-1.9459444887482837,MEDIANO ALTO,4.23686738984297,0.19999999999999998,4.70655417970698,0.2889260474058461,0.0,-1.4109825990380307,0.0971069473839638,-1.2363794330267308,2.32070962726338,0.12390136825225824,0.0,-0.6110100926607789
5352,REGION TACNA-SEDE CENTRAL,TACNA,TACNA,2024,63.2,0.35229369152671813,ALTO,4.23686738984297,0.19999999999999998,4.70655417970698,0.2889260474058461,2.03339918913234,0.2108364803160266,0.670644855370501,-0.6677754922259679,1.65571096214112,-0.41964222421863007,3.41075983703358,1.5711688096991456
5353,REGION TUMBES-SEDE CENTRAL,TUMBES,TUMBES,2024,62.0,0.16720068371933505,ALTO,0.0,-4.800000000000001,4.70655417970698,0.2889260474058461,4.23624831069238,1.9678071496162592,0.766451263280572,-0.5727932768692272,0.0,-1.7729548422073584,0.0,-0.6110100926607789
5354,REGION UCAYALI-SEDE CENTRAL,UCAYALI,UCAYALI,2024,64.0,0.47568903006497276,ALTO,4.23686738984297,0.19999999999999998,4.70655417970698,0.2889260474058461,1.2200395134794,-0.4378911514255996,2.04387003541486,0.6936362612206556,1.33550271002893,-0.6813677776975758,0.0,-0.6110100926607789
5355,REGION CALLAO,CALLAO,CALLAO,2024,56.1,-0.742839938000296,MEDIANO ALTO,4.23686738984297,0.19999999999999998,4.70655417970698,0.2889260474058461,1.28781948645048,-0.3838305154471295,0.539890198034114,-0.7974053081530926,0.406791055353638,-1.4404599317532305,0.0,-0.6110100926607789
